plant_power_kW,RO_perm_flow_gpm,UV1_flow_MGD,UV2_flow_MGD,RO_feed_flow_gpm
311.7495422,0,1.606707931,2.045808315,3053.25
255.0627441,0,1.057832599,1.327280521,2233.869873
1012.144165,0,4.8001647,6.237220287,8790.049805
960.2420044,0,4.730308056,6.147404194,8794.830078
633.7668457,7361.319824,3.732352734,3.442945719,5783.609863
672.0463867,7968.689941,3.772270918,3.512802601,5751.929688
645.6046143,5078.799805,3.74233222,3.522782087,5755.27002
1078.20813,7415.529785,5.648426533,5.299142361,8627.479492
950.1734619,7429.629883,5.608508587,5.189367294,8503.879883
1031.845703,7517.060059,5.82805872,5.468794823,8410.639648
759.4448242,5053.169922,3.931943655,3.692434549,5656.060059
1045.695313,7610.369629,5.87795639,5.44883585,8391.759766
1089.242188,7549.060059,5.907895088,5.568590164,8475.649414
973.730957,7611.739746,5.548631191,5.229285717,8128.560059
946.1724243,7617.599609,5.578569889,5.378978729,8115.239746
1031.757324,7594.679688,5.867977142,5.518692493,8330.649414
1107.644775,7562.629883,5.788140297,5.478774548,8334.719727
1484.218262,10241.16992,7.983642101,7.315011978,11096.58984
982.0048828,7581.799805,5.62846756,5.319101334,8113.040039
728.446228,5046.429688,3.74233222,3.49284339,5406.850098
660.6273193,5045.029785,3.752311707,3.522782087,5427.429688
1015.641418,7591.759766,5.887936115,5.538651466,8325.299805
975.5894165,7540.399902,5.658406258,5.279183388,8058.699707
966.1123657,7581.959961,5.618488312,5.309122086,8122.32959
960.4289551,7564.75,5.62846756,5.359019756,8072.659668
974.0518799,7591.72998,5.668385983,5.24924469,8196.929688
965.8474731,7594.699707,5.638447285,5.299142361,8199.990234
982.4835205,7570.5,6.117465973,4.830103397,8109.310059
973.1590576,7625.02002,6.147404194,4.820123672,8164.909668
953.7753296,10000,6.187322617,4.780205727,8120.569824
1063.15564,10000,6.147404194,5.159428596,8406.089844
670.3946533,Null,4.131534576,3.552720785,5685.52002
1017.282837,5321,6.037629128,5.219305992,8379.129883
1013.357727,5325,6.07754755,5.339060783,8346.299805
1026.340454,5296,6.067567825,5.139469624,8343.769531
682.1930542,3551,4.151494026,3.582659483,5635.22998
1015.621582,5335,6.137424946,5.179387569,8359.780273
981.6995239,5318,6.097506523,5.209326267,8372.950195
1004.175598,5331,6.047608852,5.04965353,8356.879883
1047.403198,5334,6.057588577,5.209326267,8311.189453
361.3314819,1773,1.926053643,1.666585326,2729.419922
381.403717,1775,2.115665197,1.836237669,2984.98999
1027.529419,5316,6.097506523,5.199347019,8372.679688
997.7762451,5328,6.147404194,5.149449348,8370.019531
153.5973969,122,0,0,2726.76001
98.03335571,2,0,0,3.899999857
85.28102112,6954,0,0,3.699999809
102.5836716,6715,0,0,2.889999866
122.590332,2,0,0,2727.839844
60.92671967,2,0,0,3.899999857
161.7599487,2,0,0,2678.919922
191.3542175,8,0,0,2707.619873
201.2390289,2,0,0,2664.839844
477.0561523,1780,1.736442208,1.3572191,3047.52002
161.3282013,2,0,0,2657.699951
590.9312744,3437,4.04171896,2.904049873,5535.02002
990.9736328,5368,5.907895088,5.359019756,8348.530273
1034.379028,5335,5.82805872,5.4288764,8346.129883
102.3577423,2,0,0,3.809999943
1035.366699,5305,5.438856125,5.109530926,8309.139648
1383.2052,7229,7.853908062,7.245155334,11153.25977
458.7387695,1640,2.065767288,1.926053643,2821.879883
1349.994141,7242,7.724173546,7.175298214,11082.91016
387.7522278,229,7.724173546,7.175298214,2832.540039
804.2143555,3543,7.724173546,7.175298214,5636.120117
737.9684448,3562,3.94192338,3.702414036,5626.069824
118.9739838,2,0,0,1653.609985
705.6560669,3534,3.772270918,3.522782087,5341.469727
412.1982422,1653,1.766380787,1.666585326,2742.02002
90.07496643,2,0,0,3.75999999
452.5770874,1763,1.746421695,1.656605721,2756.219971
473.6122742,1779,2.025849104,1.896114945,2959.929932
394.0937195,1780,1.896114945,1.766380787,2727
231.426712,2,0,0,2926.25
85.51660156,33,0,0,2.75
87.75358582,2,0,0,3.619999886
61.16042709,2,0,0,3.74000001
382.5791931,1775,1.866176367,1.766380787,2742.139893
427.1355896,1777,1.886135459,1.766380787,2746.819824
190.6746826,13,0,0,2557.849854
742.8701172,3564,3.981841564,3.762291431,5729.069824
1042.634888,5300,5.967772484,5.478774548,8392.849609
68.01770782,2,0,0,3.159999847
1020.723999,5308,5.808099747,5.388958454,8384.30957
1025.726318,5319,5.838038445,5.44883585,8361.849609
1375.871094,7229,7.923764706,7.494644165,11066.05957
1401.911255,7271,7.88384676,7.434766769,11214.76953
1372.015381,7257,7.893826008,7.444746017,11147.85938
1376.235718,7270,7.833948612,7.334970951,11148
1403.06543,7236,7.88384676,7.125400543,11140.80957
1379.153442,7205,7.903805733,7.574480534,11077.41016
1437.569458,7220,7.903805733,7.414807796,11131.2002
1093.593506,5352,5.857997417,5.339060783,8468.379883
1048.956787,5303,5.598528862,5.259224415,8082.72998
992.1414185,5344,5.708303928,5.149449348,8193.05957
277.106842,1,0,0,2750.129883
367.1690674,281,0,0,2402.689941
1503.332275,7270,7.893826008,7.474684715,11243.79004
1550.462891,7231,7.933744431,7.544541836,11189.45996
1447.953125,7209,7.903805733,7.344950676,11102.17969
1482.569092,7243,7.813989639,7.255134583,11162.5293
1490.566772,7226,7.873867035,7.544541836,11115.72949
1518.440674,7229,7.833948612,7.454725742,11092.31934
1484.974854,7184,7.764091969,7.454725742,11149.47949
1477.895996,7200,7.764091969,7.514603138,11092.18945
1492.991943,7238,7.6842556,7.544541836,11096.66992
1501.088867,7184,7.734153271,7.534562111,11099.91016
1497.031616,7182,7.694234848,7.0555439,11140.20996
1551.025635,7229,7.794030666,7.564500809,11159.04004
1546.123047,7206,7.754112244,7.165318966,11066.00977
1558.015015,7191,7.804009914,7.125400543,11042.83008
1484.791504,7172,7.784050941,7.434766769,10984.26953
1096.818604,5348,5.668385983,5.398938179,8091.219727
1107.642334,5316,5.62846756,5.24924469,8156.209961
1478.95752,7217,7.614398479,7.255134583,10982.41016
1477.294434,7178,7.654316902,7.185277939,10854.09961
1398.253418,7214,7.644337177,7.344950676,10826.16992
1456.635986,7181,7.634357929,7.354930401,10941.0498
1131.678345,5413,5.398938179,5.339060783,8150.22998
1467.038574,7153,7.654316902,7.564500809,10854.39941
1117.146362,5324,5.648426533,5.418897152,8185.839844
1102.892578,5328,5.658406258,5.418897152,8184.549805
1605.669067,7153,7.674275875,7.434766769,10965.45996
1141.143433,5294,5.668385983,5.44883585,8191.139648
1533.469727,7209,7.524582863,7.255134583,11030.58984
1548.994141,7198,7.514603138,7.614398479,10918.5
1141.143433,5294,5.668385983,5.44883585,8191.139648
1533.469727,7209,7.524582863,7.255134583,11030.58984
1507.952515,7165,7.664296627,7.28507328,10920.49023
1027.309204,5246,5.528672218,5.349040031,8242.209961
1220.09375,5339,5.678365231,5.378978729,8179.099609
1522.919678,7175,7.534562111,7.145359516,10916.34961
1622.241089,7199,7.6842556,7.315011978,10905.89941
1235.456787,5308,5.62846756,5.508713245,8227.830078
1495.870972,7131,7.494644165,7.28507328,10801.09961
1537.956909,7077,7.48466444,6.816034317,10918.91992
1574.541504,7056,7.464705467,7.165318966,10913.91016
1218.257935,5379,5.668385983,5.418897152,8216.979492
1263.485352,5292,5.658406258,5.24924469,8200.979492
1172.660278,5353,5.688344955,5.618488312,8273.490234
1294.734009,5285,5.678365231,5.578569889,8211.80957
1580.791016,7125,7.534562111,7.414807796,10835.58984
1689.75293,7083,7.544541836,7.115420818,10947.09961
1277.087891,5311,5.4288764,5.82805872,8217.75
1675.497803,7101,7.065523148,7.893826008,10939.10938
1259.130615,5315,5.578569889,5.528672218,8172.879883
1627.576904,7172,7.514603138,7.205236912,10944.5
1654.065552,7152,7.534562111,7.295053005,10873.37012
85.53143311,2,0,0,5.849999905
79.08304596,2,0,0,3.899999857
111.9225235,77,0,0,7.029999733
117.8065491,2,0,0,3.199999809
97.01751709,2,0,0,3.939999819
88.59596252,2,0,0,4.630000114
93.91994476,2,0,0,3.899999857
80.40378571,2,0,0,3.109999895
76.13817596,2,0,0,3.899999857
213.2379608,2,0,0,2287.459961
169.0061951,2,0,0,2286.959961
107.1500397,2,0,0,2.440000057
446.5517273,1620,0.928098381,1.267403126,2768.859863
909.4683228,3561,3.792229891,3.722373009,5526.75
1270.215576,5326,5.558610916,5.359019756,8184.319824
1250.852295,5291,5.648426533,5.528672218,8194.769531
1275.542847,5315,5.997711182,5.039674282,8223.359375
996.6036377,3517,3.862086773,3.233375072,5575.689941
1518.774414,6735,6.945768833,6.965727806,10296.7793
1484.703979,6667,6.935789108,6.756156921,10277.87012
1563.338989,6757,7.0555439,6.835993767,10414.14941
1490.954224,6756,7.065523148,6.925809383,10328.93945
1523.481689,6751,7.025605202,6.90585041,10308.96973
1158.340454,5016,5.229285717,5.159428596,7756.949707
1547.894165,6761,7.015625477,6.895870686,10317.16992
1547.306519,6787,7.03558445,6.915830135,10407.0498
117.9169693,2,0,0,3.799999952
112.5780182,2,0,0,3.899999857
1263.60376,5320,5.508713245,5.418897152,8116.759766
403.7362061,3,2.005890131,1.826258183,1778.699951
1339.553589,5307,5.498733521,5.438856125,8095.32959
1292.28064,5311,5.199347019,5.109530926,8089.899902
1283.643433,5299,5.458815098,5.408917427,8164.75
918.8539429,3553,3.442945719,3.363109112,5385.350098
1354.966553,5280,5.44883585,5.398938179,8146.239746
1361.535645,5275,5.548631191,5.468794823,8213.30957
1405.822021,5328,5.588549614,5.488753796,8217.540039
1793.955444,7071,7.404828072,7.334970951,10897.50977
1362.34668,5314,5.558610916,5.508713245,8240.649414
1247.319458,5333,5.478774548,5.398938179,8048.119629
895.8467407,3520,3.662495852,3.592638969,5436.830078
609.480896,1749,1.476973772,1.466994286,2721.569824
1363.78772,5297,5.558610916,5.44883585,8200.649414
1353.151855,5322,5.568590164,5.478774548,8185.060059
1772.381104,7184,7.0555439,7.025605202,10866.93945
1326.262573,5268,5.498733521,5.438856125,8078.75
1337.205811,5239,5.528672218,5.408917427,8107.459961
1323.658569,5271,5.488753796,5.398938179,8153.379883
1444.881836,5272,5.498733521,5.418897152,8121.25
1674.322998,7069,7.315011978,7.225195885,10897.06934
225.5331421,82,0,0,3.899999857
877.0883179,3504,3.64253664,3.562700272,5421.080078
911.6513672,3523,3.612597942,3.562700272,5407.799805
1297.611084,5268,5.488753796,5.418897152,8044.649902
566.5330811,1750,1.896114945,1.846217275,2827.399902
1690.420288,6955,7.344950676,7.175298214,10700.95996
593.1719971,1921,1.177587152,1.087771177,3435.719971
1690.913574,7006,7.175298214,7.045564175,10766.9502
1690.07373,7026,7.315011978,7.255134583,10772.72949
1765.920166,7017,7.28507328,7.195257187,10770.24023
1047.591064,4042,3.602618456,3.54274106,7017.849609
1284.928833,5248,5.378978729,5.309122086,8001.009766
1323.130859,5311,5.388958454,5.279183388,8010.149902
1274.607422,5244,5.388958454,5.269203663,7992.060059
1330.13208,5230,5.388958454,5.329081059,8004.109863
1301.075195,5234,5.349040031,5.24924469,7990.279785
1379.446533,5292,5.44883585,5.329081059,8076.139648
1326.730713,5258,5.418897152,5.359019756,8022.949707
1307.526245,5234,5.398938179,5.289163113,7963.179688
104.0189819,2,0,0,3.869999886
1369.242188,5227,5.488753796,5.408917427,8075.529785
1359.073853,5230,5.368999481,5.299142361,8006.810059
1338.269531,5249,5.478774548,5.388958454,8106.399902
1332.527588,5228,5.339060783,5.239264965,7962.359863
1327.046631,5229,5.319101334,5.229285717,7992.349609
1034.087402,3480,3.562700272,3.502822876,5347.879883
956.7679443,3504,3.432965994,3.373088837,5314.069824
1728.530762,6944,7.23517561,7.155339241,10633.84961
1739.16626,6919,7.025605202,6.935789108,10581.49023
1753.302124,6969,7.255134583,7.135380268,10578.14941
1344.255371,5234,5.368999481,5.279183388,7965.469727
1716.264893,6841,7.23517561,7.03558445,10549.06934
692.2226563,1737,2.724417925,2.574724674,2704.25
1419.928711,5240,4.999755859,4.860042095,7936.359863
1729.571777,7000,7.30503273,7.155339241,10675.2998
1341.557617,5305,5.319101334,5.239264965,8179.27002
1490.188721,5205,5.4288764,5.339060783,8080.199707
1357.031616,5244,5.468794823,5.4288764,8142.97998
1368.782227,5215,5.438856125,5.349040031,8121.909668
1349.210327,5163,5.418897152,5.319101334,7972.049805
1398.213989,5116,5.398938179,5.329081059,7965.779785
1352.474487,5134,5.388958454,5.299142361,8005.72998
1321.571289,5209,5.418897152,5.329081059,8056.359863
1365.756348,5188,5.089571953,5.029694557,8026.859863
1435.615112,5121,5.388958454,5.289163113,7932.57959
1352.15918,5180,5.368999481,5.289163113,8045.129883
1670.582397,6952,7.205236912,7.215216637,10581.33008
1718.988892,6889,7.165318966,7.065523148,10504.39941
1704.322021,6873,7.185277939,7.165318966,10506.37988
1665.500732,6871,7.195257187,7.075502872,10557.25
1686.942627,6944,7.215216637,7.025605202,10507.04004
1675.159302,6865,7.155339241,7.015625477,10457.33984
1342.289063,5133,5.299142361,5.229285717,7858.75
1328.455933,5133,5.299142361,5.229285717,7845.639648
1368.734985,5183,5.408917427,5.319101334,7984.869629
1304.800415,5120,5.349040031,5.229285717,7964.359863
1346.827393,5131,5.339060783,5.269203663,7882.22998
1357.115601,5079,5.319101334,5.24924469,7866.549805
125.0596848,2,0,0,3.899999857
911.1973877,3499,3.363109112,3.39304781,5371.310059
1318.863403,5142,5.279183388,5.279183388,7867.310059
570.5174561,1699,1.896114945,1.40711689,2634.02002
1288.138672,5063,5.608508587,4.760246754,7726.540039
1284.163696,5072,5.62846756,4.8001647,7810.259766
1286.82666,5115,5.588549614,4.790185452,7827.069824
506.8796692,1759,1.896114945,1.636646628,2702.149902
1258.641724,5083,5.538651466,4.750267029,7699.689941
1254.181885,4992,5.528672218,4.750267029,7654.52002
201.7934113,2,0,0,2370.159912
1614.926514,6667,7.344950676,6.337016106,10207.75
1668.772583,6642,7.414807796,6.327036381,10249.2002
1690.568115,6591,7.404828072,6.287117958,10095.42969
1303.276367,4882,5.528672218,4.720328331,7653.97998
1287.217773,4948,5.139469624,4.29120779,7640.5
1601.458008,6628,6.875911713,6.865931988,10358.25
1641.319214,6641,6.90585041,6.865931988,10346.26953
1278.613525,5069,5.209326267,5.179387569,7763.299805
1245.934082,4964,5.179387569,5.129489899,7754.25
1654.459961,6629,6.895870686,6.875911713,10286.12988
1712.857666,6656,6.915830135,6.945768833,10433.91016
1638.609863,6754,7.005645752,7.015625477,10433.71973
1686.272705,6726,6.915830135,6.835993767,10403.96973
1628.622925,6701,6.845973015,6.935789108,10379.10938
1628.790771,6686,6.945768833,6.85595274,10411.63965
1647.896606,6605,6.845973015,6.826014042,10367.51953
912.0855103,3390,3.462904692,3.432965994,5201.389648
1040.193359,3371,3.462904692,3.432965994,5180.159668
1674.120605,6732,7.025605202,6.925809383,10320.17969
1669.074097,6683,6.935789108,6.965727806,10218.75
83.65045166,2,0,0,3.899999857
96.22770691,2,0,0,4.389999866
93.73720551,2,0,0,3.899999857
1654.134277,6745,7.03558445,6.985686779,10329.16016
1736.618896,6802,7.075502872,7.0555439,10411.2998
718.3938599,1870,1.287362337,1.3572191,2750.280029
1695.039063,6853,7.125400543,7.145359516,10579.2002
1688.284668,6875,7.145359516,7.115420818,10449.97949
1657.89856,6859,7.075502872,7.0555439,10453.33984
1302.881348,5175,5.289163113,5.269203663,7836.47998
1679.47644,6849,7.115420818,7.0555439,10412.33984
1642.82312,6829,7.095461845,7.115420818,10437.45996
1669.210693,6934,7.225195885,7.135380268,10615.75
1689.129883,7033,7.125400543,7.155339241,10736.93945
1704.186279,7012,7.334970951,7.265114307,10693.91992
1609.155273,7060,7.265114307,7.255134583,10668.21973
1388.371826,5204,5.398938179,5.388958454,8098.909668
1661.878174,6938,7.125400543,7.065523148,10585.42969
1636.721924,6987,7.23517561,7.155339241,10672.31934
1730.646362,7024,7.265114307,7.28507328,10747.79004
1691.279785,6964,7.315011978,7.295053005,10696
1769.813232,7000,7.225195885,7.245155334,10606.2998
1681.061768,6901,7.195257187,7.155339241,10607.64941
977.8543091,3504,3.622577667,3.602618456,5380.759766
1156.317749,4820,5.359019756,5.359019756,7665.319824
956.9025879,3548,3.812189102,3.792229891,5408.600098
1029.799561,3519,3.692434549,3.672475338,5482.639648
220.9060364,2,0,0,2349.089844
1406.890747,5316,5.508713245,5.508713245,8186.629883
1806.279541,7074,7.295053005,7.334970951,10780.60938
1728.880005,7152,7.315011978,7.354930401,10885.56934
1326.677612,5329,5.518692493,5.468794823,8191.569824
1740.171387,7062,7.295053005,7.315011978,10840.17969
1764.985229,6979,7.295053005,7.215216637,10762.4502
1759.089355,7008,7.344950676,7.265114307,10789.96973
1817.139893,7053,7.30503273,7.354930401,10794.75977
1826.322266,6974,7.344950676,7.255134583,10761.88965
1781.05249,7074,7.324991703,7.324991703,10884.64941
1376.69458,5268,5.388958454,5.368999481,8179.149902
1008.243347,3546,3.692434549,3.662495852,5473.509766
1028.298828,3533,3.702414036,3.672475338,5498.72998
1598.2052,6822,7.095461845,7.065523148,10427.5293
1728.376099,6860,6.875911713,6.895870686,10383.14941
1243.485596,5049,5.189367294,5.149449348,7696.069824
1348.19104,5095,5.079592228,5.039674282,7705.609863
1593.400146,6877,7.125400543,7.135380268,10374.55957
1640.186768,6895,7.115420818,7.085482121,10479.64941
1318.49707,5081,5.418897152,5.388958454,8458.799805
1535.508179,6868,7.115420818,7.10544157,10304.30957
1619.240479,6780,7.085482121,7.10544157,10415.58008
1599.189575,6803,7.0555439,6.985686779,10370.81934
1586.658936,6824,7.085482121,7.085482121,10356.5
1591.622559,6800,7.025605202,6.90585041,10428.04004
1600.525391,6806,6.995666504,6.945768833,10333.89941
1609.536987,6796,7.025605202,7.025605202,10410.92969
1583.148193,6800,7.03558445,7.085482121,10434.92969
1639.463745,6700,7.075502872,6.975707054,10428.33984
1622.755615,6793,6.985686779,6.875911713,10437.7002
1649.517822,6880,7.095461845,7.065523148,10498.05957
1704.657715,6751,7.0555439,7.015625477,10312.99023
1660.103027,6809,7.045564175,7.025605202,10347.91992
1682.770874,6743,7.045564175,6.985686779,10416.5498
248.500351,2,0,0,2677.639893
1608.164673,6819,7.0555439,7.025605202,10423
1254.545288,5018,5.219305992,5.219305992,7728.219727
608.2219238,1693,1.736442208,1.716482997,2622.319824
1222.816284,5073,5.199347019,5.169408321,7732.799805
1237.191895,5064,5.199347019,5.189367294,7766.929688
1214.248047,5082,5.179387569,5.159428596,7734.389648
1186.130615,5044,5.189367294,5.179387569,7676.239746
1222.649048,5095,5.199347019,5.169408321,7736.989746
1240.079102,5060,5.189367294,5.179387569,7728.739746
933.1446533,3377,3.472884417,3.432965994,5192.5
925.6376953,3318,3.472884417,3.442945719,5125.969727
1233.43042,5020,5.568590164,4.830103397,7666.139648
1208.978271,5050,5.588549614,4.770226002,7786.239746
1215.82373,5082,5.618488312,4.780205727,7655.119629
1300.837891,5071,5.598528862,4.830103397,7820.219727
1188.379395,5040,5.598528862,4.770226002,7712.849609
1227.728882,5040,5.608508587,4.790185452,7686.339844
1206.834473,5027,5.608508587,4.780205727,7740.969727
1214.869385,5045,5.119510651,5.24924469,7731.799805
1243.553589,5042,5.189367294,5.169408321,7784.47998
1210.039917,5053,5.189367294,5.149449348,7695.349609
886.6147461,3384,3.472884417,3.452925205,5152.529785
938.5081177,3358,3.482863903,3.442945719,5180.080078
920.2897339,3390,3.482863903,3.452925205,5157.72998
842.1707153,3383,3.472884417,3.442945719,5134.149902
855.6551514,3381,3.482863903,3.452925205,5190.649902
906.7549438,3369,3.472884417,3.442945719,5177.359863
1619.038086,6881,7.115420818,6.995666504,10388.5293
1612.838135,6879,7.10544157,7.10544157,10383.43945
1605.749146,6872,7.155339241,7.045564175,10330.79004
1601.517822,6856,7.115420818,7.03558445,10419.62012
113.5278854,2,0,0,3.899999857
129.7496796,2,0,0,3.899999857
1557.034058,6895,7.185277939,7.005645752,10446.54004
1566.298462,6865,7.10544157,7.125400543,10368.56934
1600.863892,6850,7.065523148,6.975707054,10437.7793
1572.793213,6875,7.115420818,7.025605202,10365.75977
1570.393066,6858,7.10544157,7.10544157,10400.83984
800.59198,3369,3.482863903,3.413007021,5137.370117
580.6290894,1683,1.736442208,1.686544418,2577.540039
1598.893311,6878,7.145359516,7.075502872,10545.56934
1587.212769,6862,7.145359516,7.0555439,10431.72949
1601.034912,6827,7.195257187,7.075502872,10299.2002
1600.248291,6846,7.135380268,7.0555439,10326.74023
1590.575317,6831,7.155339241,6.975707054,10461.2793
1591.835938,6874,7.095461845,7.015625477,10431.21973
1597.473389,6844,7.155339241,7.005645752,10430.30957
1634.576782,6750,7.115420818,7.005645752,10374.75977
1611.403809,6828,7.135380268,7.03558445,10376.56934
1582.347412,6848,7.135380268,7.015625477,10463.93945
1593.375732,6807,7.125400543,6.975707054,10380.96973
1569.662964,6795,7.135380268,6.955748081,10379.59961
1204.255005,5057,5.229285717,5.109530926,7776.060059
1572.860229,6848,7.045564175,7.03558445,10482.06934
1582.240112,6810,7.085482121,7.065523148,10375.05957
1624.002686,6826,7.085482121,6.925809383,10343.99023
1538.438721,6846,7.065523148,7.03558445,10378.21973
1584.719238,6829,7.075502872,7.005645752,10479.58984
1243.531006,5055,5.279183388,5.189367294,7802.349609
656.5620117,1558,0.708548248,0.608752728,2617.079834
200.3862,2,0,0,2451.469971
121.525383,2,0,0,3.75999999
550.354248,1801,1.576769352,1.55681026,2708.699951
1560.865601,6808,7.085482121,6.945768833,10367.00977
1552.509033,6802,7.085482121,6.965727806,10368.97949
1267.927979,5028,5.259224415,5.159428596,7784.629883
1286.710205,5067,5.24924469,5.169408321,7746.759766
1280.248535,5044,5.279183388,5.169408321,7791.389648
1634.669434,6810,7.135380268,7.025605202,10447.97949
1618.80957,6795,7.095461845,6.975707054,10414.25
1600.279297,6809,7.085482121,6.90585041,10430.46973
1640.991333,6772,7.015625477,6.935789108,10372.60938
1294.026367,5028,5.259224415,5.219305992,7789.609863
Null,Null,Null,Null,Null
1298.546143,4976,5.24924469,5.169408321,7801.159668
1621.999512,6767,7.025605202,6.975707054,10470.72949
1606.408691,6789,7.015625477,6.995666504,10431.79004
1579.77124,6734,7.03558445,6.845973015,10424.88965
1289.743164,5040,5.239264965,5.179387569,7822.810059
1230.234375,4993,5.229285717,5.149449348,7864.599609
902.3981934,3361,3.482863903,3.432965994,5137.350098
277.3410034,121,0.918118834,0.928098381,5.699999809
1294.571533,5057,5.129489899,5.368999481,7846.709961
1621.758423,6855,6.935789108,7.334970951,10434.83984
1726.439697,6879,6.945768833,7.265114307,10457.83008
1652.229736,6896,6.895870686,7.265114307,10400.51953
1642.783447,6891,6.227241039,6.586504936,10481.01953
1662.123291,6778,7.125400543,6.975707054,10504.75977
126.1925125,2,0,0,3.899999857
1640.914673,6845,7.135380268,7.075502872,10421.31934
1649.282715,6804,7.165318966,6.945768833,10467.92969
1633.831299,6834,7.135380268,7.005645752,10411.91016
1704.080444,6816,7.125400543,7.005645752,10457.0293
1671.998047,6811,7.155339241,6.935789108,10422.20996
1360.361816,5056,5.299142361,5.189367294,7849.799805
1723.442871,6818,7.115420818,7.015625477,10467.91016
1634.908081,6845,6.945768833,6.796075344,10405.72949
1655.931885,6856,7.125400543,6.995666504,10527.08008
1685.443604,6812,7.135380268,6.935789108,10486.45996
1724.224121,6819,7.065523148,6.915830135,10511.18945
1688.274902,6809,7.135380268,7.03558445,10441.51953
1651.299316,6789,7.135380268,6.965727806,10431.67969
135.4272461,2,7.584459782,7.584459782,0
132.2627411,2,7.584459782,7.584459782,0
571.3273926,1719,1.746421695,1.70650351,2662.459961
1286.187622,5053,5.209326267,5.129489899,7797.540039
1252.73645,5044,5.289163113,5.169408321,7805.72998
1279.413208,5045,5.299142361,5.169408321,7829.949707
1229.26709,5050,5.059633255,4.929899216,7775.810059
1285.924805,5064,5.24924469,5.159428596,7828.449707
186.2291107,153,0,0,228.5800018
1723.965088,6780,7.115420818,6.955748081,10397.24023
1670.938721,6743,7.005645752,6.865931988,10377.2998
1697.624512,6615,6.975707054,6.915830135,10378.70996
1681.964111,6581,6.955748081,6.835993767,10370.7793
1670.394653,6633,6.935789108,6.835993767,10431.55957
1661.230103,6611,6.85595274,6.736197948,10381.45996
1282.970215,5035,6.506668091,6.307077408,8761.839844
1628.736328,6590,6.885891438,6.706259251,10447.00977
1687.886841,6550,6.865931988,6.736197948,10462.39941
541.9595337,1626,1.726462603,1.666585326,2588.709961
890.0018311,3295,3.452925205,3.373088837,5177.669922
925.0229492,3318,3.422986507,3.333170652,5153.219727
1049.894531,3420,3.532761574,3.452925205,5267.5
894.4535522,3387,3.283272743,3.203436375,5251.060059
1722.631592,6834,7.145359516,7.025605202,10413.91992
1695.761353,6853,7.225195885,7.115420818,10391.17969
1704.959595,6850,7.195257187,7.145359516,10402.39941
1353.650879,5114,5.339060783,5.189367294,7902.839844
1316.446533,5216,4.710348606,4.62053299,7819.909668
1662.611206,6874,7.165318966,7.015625477,10397.83984
1589.09021,6832,7.145359516,6.955748081,10368.16016
1653.768799,6832,7.155339241,7.03558445,10482.5293
1644.737549,6792,7.165318966,7.0555439,10474.43945
1642.681885,6883,7.215216637,7.03558445,10403.63965
1344.591675,5099,5.349040031,5.209326267,7836.399902
1362.404907,5273,4.760246754,4.650471687,7842.25
1598.385986,6819,7.175298214,6.885891438,10385.17969
1646.410522,6807,7.175298214,6.985686779,10357.83984
1616.451416,6777,7.125400543,7.015625477,10378.66992
1656.550537,6788,7.115420818,6.995666504,10432.67969
1725.052612,6789,7.095461845,6.965727806,10377.2002
1355.769653,5065,5.309122086,5.199347019,7848.569824
1288.807617,5238,4.790185452,4.67043066,7856.629883
1612.112305,6779,7.075502872,6.985686779,10418.91992
1657.581909,6772,7.085482121,6.915830135,10437.83984
1629.761475,6702,7.085482121,6.796075344,10333.22949
926.4858398,3327,3.462904692,3.413007021,5166.529785
888.5548706,3366,3.462904692,3.39304781,5218.600098
914.9196777,3350,3.462904692,3.373088837,5226.259766
930.4801636,3367,3.502822876,3.413007021,5231.949707
917.2370605,3350,3.49284339,3.403027534,5213.72998
972.6869507,3341,3.26331377,3.193456888,5209.649902
874.909668,3372,3.49284339,3.403027534,5198.379883
865.7346802,3348,3.49284339,3.422986507,5244.600098
840.2293091,3363,3.502822876,3.413007021,5189.149902
97.48831177,2,0,0,3.899999857
1633.209961,6808,7.115420818,6.965727806,10412.5293
1701.792725,6801,7.195257187,6.985686779,10387.4502
1622.358643,6808,7.065523148,6.985686779,10330.14941
1658.349365,6750,7.115420818,6.925809383,10369.4502
1631.728882,6732,7.0555439,6.975707054,10421.81934
1655.102051,6769,7.115420818,6.965727806,10464.7793
1638.996216,6765,7.0555439,6.875911713,10388.39941
1659.919922,6718,7.015625477,7.005645752,10329.22949
1700.376465,6666,7.045564175,6.835993767,10351.89941
1652.483032,6703,7.005645752,6.865931988,10321.16016
1645.168823,6661,6.975707054,6.895870686,10292.12988
1634.026001,6686,6.995666504,6.776116371,10259.87988
913.1264648,3355,3.49284339,3.413007021,5208.379883
262.4272156,5,1.397137403,1.496932864,10.10999966
895.5109863,3339,3.482863903,3.383068323,5142.899902
1651.925903,6659,7.015625477,6.826014042,10174.93945
1697.06543,6697,6.995666504,6.786095619,10218.79004
1251.878906,4957,5.179387569,5.069612503,7609.029785
1631.427124,6638,6.90585041,6.766136646,10089.5498
1654.36145,6617,6.915830135,6.816034317,10106.06934
1731.243896,6565,6.806055069,6.576525211,9989.509766
1260.755371,4972,5.099551201,4.999755859,7541.929688
1639.418213,6680,6.945768833,6.766136646,10046.38965
1635.671021,6705,6.965727806,6.796075344,10100.08008
1341.340698,5041,4.740287304,4.640491962,7707.319824
107.0885315,2,0,0,4.880000114
1176.896851,4980,4.051698208,4.061677933,7595.57959
102.5451813,2,0,0,3.899999857
158.5153656,2,0,0,3.329999924
202.2376251,2,0,0,2540.819824
931.232666,3382,3.49284339,3.413007021,5202.179688
102.1457672,2,0,0,3.210000038
877.8312988,3338,3.482863903,3.373088837,5124.370117
970.6921387,3335,3.422986507,3.343150139,5094.540039
879.7765503,3354,3.462904692,3.383068323,5120.909668
832.3258667,3344,3.103640795,3.193456888,5082.549805
891.8126831,3339,3.472884417,3.373088837,5088.939941
1256.36377,4950,5.169408321,5.039674282,7614.609863
1634.957275,6560,6.85595274,6.696280003,9943.5
1647.940186,6581,6.865931988,6.736197948,9970.80957
1619.950073,6519,6.885891438,6.676320553,9889.759766
1614.448853,6565,6.786095619,6.676320553,9891.910156
1258.531982,4795,4.720328331,4.610553265,7303.509766
948.0410156,3271,3.023804426,2.963927031,5076.649902
1254.497803,4933,5.149449348,5.059633255,7657.75
1267.470581,4934,5.149449348,5.069612503,7595.869629
1307.52002,4938,5.179387569,5.089571953,7641.619629
1270.290527,4978,5.179387569,5.069612503,7704.02002
1248.379028,4959,5.169408321,5.079592228,7611.849609
1237.708862,4892,5.099551201,4.989776134,7483.629883
1259.177368,4852,5.129489899,5.039674282,7522.169922
1242.285767,4901,5.119510651,5.039674282,7462.779785
1607.125,6496,6.796075344,6.606463909,9871.299805
1613.637451,6479,6.816034317,6.65636158,9905.609375
1654.980103,6573,6.935789108,6.776116371,9979.490234
1650.530151,6495,6.835993767,6.676320553,9960.669922
1636.260376,6592,6.925809383,6.90585041,9968.779297
1630.609009,6561,6.90585041,6.875911713,9965.089844
672.7406006,1951,2.983886242,2.943968058,3936.079834
936.1741333,3315,4.490798473,4.371044159,5104.600098
1671.350952,6614,6.925809383,6.766136646,10076.13965
1671.647217,6618,6.945768833,6.786095619,10077.31934
1636.891113,6658,6.995666504,6.766136646,10023.58984
1271.355347,4978,5.189367294,5.119510651,7516.299805
899.2071533,3306,2.784295082,2.81423378,5121.569824
1615.796387,6607,6.935789108,6.696280003,9973.889648
1643.037354,6594,6.915830135,6.726218224,9968.269531
1632.174683,6562,6.865931988,6.835993767,9954.009766
1649.947144,6453,6.845973015,6.756156921,9912.990234
1628.47876,6497,6.796075344,6.686300278,9916.639648
1676.37793,6365,6.666341305,6.486709118,9729.299805
1640.520996,6456,6.756156921,6.626422882,9856.830078
1632.628174,6415,6.756156921,6.616443157,9884.990234
1656.013306,6479,6.726218224,6.596484184,9835.870117
1657.159302,6370,6.666341305,6.516647816,9795.299805
879.9641724,3225,3.353129625,3.283272743,4914.139648
906.4111328,3420,2.963927031,2.894070148,4945.290039
1246.446045,4849,5.019714832,4.939878464,7384.77002
1253.19458,4858,4.4708395,4.361064434,7352.209961
1640.044678,6457,6.786095619,6.716238976,9816.259766
540.6870117,1619,0,3.343150139,2487.829834
1662.966309,6518,6.646381855,7.0555439,9870.089844
1301.331299,4950,4.490798473,4.560655594,7562.929688
1288.050537,4949,4.480819225,4.560655594,7574.679688
1334.99353,4962,4.550675869,4.720328331,7725.919922
1249.31543,4962,5.019714832,5.289163113,7652.159668
1232.145996,4961,4.949858189,4.85006237,7477.939941
1595.358887,6583,6.90585041,6.636402607,9937.979492
1583.08374,6531,6.885891438,6.696280003,9904.359375
1639.095215,6495,6.865931988,6.516647816,9923.609375
1598.744385,6505,6.796075344,6.776116371,9821.689453
87.79495239,2,0,0,3.899999857
88.33987427,2,0,0,3.899999857
83.51370239,2,0,0,2.539999962
1616.045044,6486,6.835993767,6.606463909,9833.149414
1580.964111,6489,6.845973015,6.945768833,9815.099609
1645.19873,6478,6.786095619,6.506668091,9797.279297
1623.981079,6469,6.766136646,6.546586514,9849.75
1639.75,6472,6.895870686,6.726218224,9774.330078
1321.247803,4920,5.219305992,5.149449348,7479.32959
212.1128082,2,0,0,2573.339844
1631.314087,6517,6.85595274,6.65636158,9866.359375
1652.289307,6381,6.776116371,6.466750145,9744.540039
1630.235596,6361,6.686300278,6.596484184,9743.660156
1611.979736,6396,6.606463909,6.47672987,9676.609375
1620.327881,6357,6.716238976,6.486709118,9651.479492
113.4150467,2,0,0,4.710000038
1614.60498,6385,6.646381855,6.227241039,9689.819336
1602.693359,6373,6.835993767,6.686300278,9713.450195
1619.111816,6397,6.736197948,6.716238976,9843.899414
1630.115479,6419,6.786095619,6.726218224,9814.719727
964.6935425,3415,3.472884417,3.303231955,5035.290039
1668.113281,6443,6.796075344,6.526627541,9805.490234
960.7913818,3473,3.422986507,3.143558979,4974.580078
1264.575806,4751,5.089571953,4.999755859,7440.989746
1604.955444,6364,6.776116371,6.376934052,9743.080078
1638.460083,6339,6.806055069,6.177342892,9710.109375
1641.850098,6401,6.826014042,6.566545486,9845.919922
1623.374878,6429,6.746177673,6.786095619,9815.080078
1249.143188,4723,4.281228065,4.111575603,7282.879883
866.8798828,3155,0,6.386913776,4850.149902
837.4137573,3257,6.85595274,0,5116.52002
1233.427246,4789,5.089571953,4.969817162,7431.07959
1649.187988,6431,6.766136646,6.436811447,9867.459961
1744.483643,6432,6.746177673,6.536606789,9786.109375
1272.643311,4796,4.510757923,4.361064434,7463.099609
994.8915405,3209,2.894070148,2.824213266,5067.939941
1623.908691,6384,6.796075344,6.596484184,9833.099609
1354.328369,4877,4.760246754,4.750267029,7417.72998
1625.019531,6408,6.716238976,6.496688843,9785.139648
1648.660767,6387,6.746177673,6.426831722,9888.370117
1640.226563,6379,6.686300278,6.945768833,9880.719727
1607.452148,6451,6.726218224,6.616443157,9960.799805
1630.230103,6519,6.736197948,6.875911713,9957.189453
1658.68335,6493,6.786095619,6.676320553,9879.969727
881.861084,3222,3.353129625,3.223395586,5027.879883
1262.966919,4849,5.059633255,4.989776134,7544.909668
1272.418213,4813,5.109530926,4.939878464,7652.27002
1249.497559,4909,5.089571953,4.959837437,7637.929688
1283.708618,4809,5.069612503,5.159428596,7643.379883
886.1437988,3270,3.353129625,3.343150139,4963.909668
1255.714966,4915,4.450880527,4.500778198,7502.069824
889.3861084,3356,2.963927031,2.794274807,5148.009766
874.5925903,3336,2.943968058,2.774315596,5191.540039
1331.443359,5015,5.199347019,5.019714832,7605.759766
1310.801758,4993,5.229285717,5.079592228,7596.129883
1280.668823,4905,5.139469624,5.109530926,7557.109863
1311.905762,4890,5.139469624,4.85006237,7527.32959
1324.391724,4849,5.04965353,4.989776134,7434.689941
1285.31665,4832,4.430921555,4.430921555,7417.369629
1594.634644,6452,6.686300278,6.366954327,9906.019531
1282.783936,4756,5.04965353,5.039674282,7391.199707
1282.35144,4829,5.069612503,4.949858189,7428.299805
1269.766846,4813,5.04965353,4.899960518,7421.72998
536.3616333,1682,1.766380787,1.716482997,2581.869873
1649.346558,6548,6.756156921,6.696280003,9989.410156
1637.405518,6325,6.556566238,6.526627541,9753.790039
1627.595215,6340,6.526627541,6.586504936,9749.689453
1654.62085,6404,6.546586514,6.776116371,9793.040039
1644.526367,6391,6.596484184,6.536606789,9706.399414
1649.322754,6400,6.626422882,6.616443157,9761.609375
1638.050659,6355,6.466750145,6.686300278,9691.759766
1681.194702,6408,6.516647816,6.416852474,9760.819336
1672.634033,6426,6.546586514,6.835993767,9754.609375
1287.887329,4862,4.989776134,5.089571953,7468.32959
1297.596802,4888,5.009735584,5.24924469,7496.619629
1303.399658,4920,5.04965353,5.039674282,7495.060059
1605.309814,6511,6.65636158,6.736197948,9896.549805
1617.645874,6512,6.686300278,6.796075344,9937.790039
1669.05896,6591,6.706259251,6.965727806,9981.029297
1619.1427,6595,6.716238976,6.935789108,10043.4502
1648.348877,6539,6.65636158,6.726218224,9989.959961
1665.668945,6580,6.686300278,6.676320553,9996.069336
1631.600464,6525,6.696280003,6.965727806,10007.5293
1632.910156,6561,6.706259251,6.965727806,10033.99023
1643.616455,6657,6.826014042,7.10544157,10057.79004
1666.67981,6604,6.686300278,6.90585041,10048.29004
1637.374756,6546,6.706259251,7.0555439,10011.05957
1624.34729,6573,6.686300278,6.925809383,10066.64941
1633.285767,6567,6.676320553,6.596484184,10025.33008
1619.851807,6573,6.716238976,6.796075344,10020.37988
1720.188232,6565,6.686300278,6.686300278,10013.56934
941.1328735,3312,3.39304781,3.512802601,5158.179688
1315.022705,4941,4.979796886,5.189367294,7662.02002
1310.473633,4940,5.079592228,5.189367294,7639.709961
1367.16394,4983,5.099551201,5.169408321,7654.119629
1294.920776,4860,5.029694557,5.219305992,7556.189941
1319.997681,4970,5.04965353,5.099551201,7608.129883
1310.337402,4966,5.149449348,5.139469624,7681.799805
1303.26062,4999,5.089571953,5.259224415,7665.810059
1377.61853,4974,5.079592228,5.339060783,7647.97998
1296.05896,4951,5.099551201,5.289163113,7690.609863
844.9887695,3360,4.061677933,2.824213266,5092.419922
1286.793457,4969,5.089571953,5.259224415,7649.069824
1292.291748,4952,5.089571953,5.259224415,7706.029785
1334.409546,4973,5.089571953,5.398938179,7691.839844
1291.332275,5029,5.089571953,5.279183388,7807.47998
1286.474365,5011,5.079592228,5.149449348,7680.839844
887.5484009,3372,3.422986507,3.532761574,5202.609863
887.0792236,3381,3.432965994,3.502822876,5159.209961
894.7397461,3342,3.413007021,3.49284339,5157.810059
870.1754761,3376,3.413007021,3.452925205,5164.209961
866.2138672,3385,3.422986507,3.482863903,5154.620117
659.4521484,1696,1.726462603,1.746421695,2614.399902
1043.538086,3399,3.49284339,3.582659483,5165.52002
565.6798096,1679,1.696523905,1.736442208,2598.76001
515.2891846,1669,1.70650351,1.726462603,2594.349854
522.4585571,1681,1.686544418,1.696523905,2563.409912
504.9593811,1656,1.686544418,1.70650351,2553.23999
541.6781616,1667,1.656605721,1.696523905,2561.409912
149.2135925,Null,0,0,Null
117.2150726,2,0,0,3.899999857
148.6469421,2,0,0,3.329999924
1630.162231,6786,6.925809383,7.265114307,10316.63965
1679.26062,6800,7.005645752,7.205236912,10387.88965
1664.681152,6690,6.925809383,7.165318966,10408.06934
1673.537109,6776,6.865931988,6.826014042,10468.33984
1630.438843,6821,6.995666504,6.826014042,10487.41016
1632.277832,6817,7.025605202,6.885891438,10451.5
1307.149902,5107,5.279183388,5.239264965,7887
853.8688965,3510,3.422986507,3.502822876,5157.5
889.4051514,3341,3.403027534,3.49284339,5176.049805
927.2231445,3359,3.432965994,3.49284339,5142.669922
933.7034912,3589,3.023804426,3.363109112,5169.109863
866.0802002,3372,2.864131689,2.91402936,5194.25
1659.03894,6896,6.985686779,7.494644165,10550.87988
1706.468994,6841,7.015625477,7.245155334,10446.14941
1678.867798,6828,7.025605202,7.364909649,10523.91992
1595.596069,6841,6.835993767,7.115420818,10493.26953
1584.635986,6825,6.895870686,7.255134583,10414.21973
912.1184692,3397,3.472884417,3.572679758,5163.359863
1595.85437,6897,7.195257187,6.766136646,10569.75
1645.809204,6853,7.0555439,7.015625477,10436.71973
1656.695313,6874,6.995666504,6.895870686,10427.14941
1684.056641,6878,7.155339241,6.736197948,10421.08008
1649.460938,6890,7.115420818,7.374889374,10499.04004
1664.816406,6881,7.005645752,7.10544157,10479.39941
1608.446777,6839,6.975707054,7.424787045,10439.58984
1646.397827,6831,7.015625477,7.135380268,10464.92969
1640.206055,6847,6.945768833,7.374889374,10477.85938
1597.100708,6814,6.945768833,7.364909649,10387.22949
1639.887695,6805,6.925809383,7.115420818,10435.99023
1665.990479,6839,6.935789108,7.095461845,10430.83008
1679.386353,6765,6.90585041,7.03558445,10472.51953
1627.90564,6770,6.915830135,7.005645752,10382.91016
1643.451904,6822,6.975707054,7.03558445,10467.49023
1634.438843,6795,6.885891438,7.075502872,10459.58008
1669.349854,6756,6.845973015,6.756156921,10433.68945
1671.582153,6744,6.935789108,7.085482121,10430.74023
1659.615845,6731,6.885891438,7.015625477,10450.00977
1615.208984,6728,6.85595274,6.766136646,10427.10938
1666.101563,6694,6.85595274,6.885891438,10417.50977
1694.326416,6681,6.776116371,6.985686779,10383.7002
1668.18335,6637,6.806055069,6.915830135,10359.2002
1701.07373,6591,6.786095619,6.816034317,10376.16016
1678.095581,6575,6.816034317,7.115420818,10296.63965
1689.189697,6761,6.925809383,7.135380268,10400.14941
1673.262573,6816,6.935789108,7.464705467,10404.2793
1667.967041,6828,6.935789108,7.125400543,10400.91016
1759.521606,6778,6.925809383,7.045564175,10432
1660.956787,6871,7.005645752,7.265114307,10456.54004
1644.994019,6802,6.955748081,7.354930401,10420.08008
1633.55835,6767,7.015625477,7.195257187,10415.63965
1634.228027,6831,7.015625477,6.706259251,10480.79004
867.28125,3458,3.552720785,3.532761574,5287.870117
924.6568604,3502,3.562700272,3.592638969,5439.449707
1630.378906,6869,6.925809383,7.30503273,10457.37988
1721.186401,6868,7.075502872,6.985686779,10559.75977
968.1848145,3533,0,7.195257187,5421.949707
1671.80542,6913,7.295053005,7.025605202,10447.08984
1735.867065,6851,7.145359516,7.155339241,10397.56934
1666.717285,6817,7.215216637,6.865931988,10473.75977
1728.674438,6843,7.125400543,6.826014042,10382.38965
1715.290527,6846,7.095461845,6.736197948,10519.7793
1743.573975,6893,7.265114307,6.875911713,10427.29004
1671.257324,6846,7.215216637,7.005645752,10471.80957
1698.71875,6868,7.03558445,7.384869099,10444.59961
1674.901855,6814,7.165318966,7.374889374,10440.74023
1699.679688,6855,7.135380268,7.315011978,10442.56934
1741.460693,6843,7.28507328,6.885891438,10449.18945
1708.658569,6732,7.165318966,7.005645752,10440.2002
1765.786865,6810,6.985686779,7.324991703,10412.08984
961.3846436,3375,3.532761574,3.632557154,5183.929688
597.9862061,1702,1.7564013,1.7564013,2619.02002
1277.316406,5144,5.229285717,5.438856125,7772.089844
1226.898438,5145,5.169408321,5.349040031,7721.560059
1265.512695,5166,4.610553265,4.580614567,7751.119629
1300.309692,5312,5.199347019,5.189367294,7714.409668
765.0293579,2273,1.786339879,1.796319485,4399.810059
1669.800537,6862,6.925809383,7.015625477,10431.14941
1372.857178,5158,5.279183388,5.408917427,7807.82959
1314.44104,5150,5.069612503,5.179387569,7857.739746
1372.884399,5254,4.690389633,4.690389633,7840.5
1286.79126,5149,5.24924469,5.339060783,7836.399902
992.9782715,3451,3.562700272,3.592638969,5287.089844
1295.461914,5136,5.199347019,5.518692493,7833.810059
1322.639038,5126,5.24924469,5.398938179,7835.459961
1326.158325,5114,4.909939766,5.069612503,7725.459961
1269.304199,5155,5.239264965,5.418897152,7792.279785
1295.976929,5076,5.179387569,5.388958454,7673.879883
1283.476563,5129,5.229285717,5.368999481,7820.299805
1303.556396,5162,4.700369358,4.690389633,7851.179688
1303.523804,5092,4.820123672,4.490798473,7740.22998
1293.480713,5105,5.109530926,5.368999481,7848.009766
1660.28125,6722,6.826014042,6.875911713,10485.87012
1641.466309,6842,6.865931988,6.935789108,10559.0293
1725.830322,6796,7.015625477,7.315011978,10605.56934
902.7694092,3361,3.442945719,3.54274106,5272.959961
1002.374023,3430,3.462904692,3.672475338,5222.719727
1690.650757,6864,7.045564175,7.185277939,10449.33984
1715.321777,6813,7.03558445,7.125400543,10345.38965
1289.906982,5134,5.139469624,5.458815098,7778.109863
1305.47522,5142,5.219305992,5.269203663,7812.589844
1302.253296,5099,4.590594292,4.610553265,7764.069824
1334.030029,5112,4.590594292,4.710348606,7908.790039
1598.591797,6780,6.885891438,7.115420818,10390.60938
1257.367554,5060,5.109530926,5.269203663,7726.319824
1650.568604,6777,6.885891438,6.716238976,10343.0293
1691.285645,6679,6.975707054,6.686300278,10508.85938
1654.59021,6636,6.756156921,7.095461845,10459.97949
1654.941162,6636,6.766136646,6.885891438,10475.68945
924.5425415,3414,3.422986507,3.522782087,5114.959961
960.1721802,3308,3.173497677,3.26331377,5215.47998
916.7501221,3442,3.472884417,3.622577667,5186.919922
867.2883301,3436,3.472884417,3.54274106,5195.759766
1612.202026,6837,7.085482121,7.10544157,10437.34961
1253.543213,5160,5.169408321,5.239264965,7798.199707
1244.822632,5166,5.239264965,5.269203663,7833.909668
1260.516968,5175,5.299142361,5.349040031,7919.819824
1296.960815,5157,5.24924469,5.129489899,7788.389648
1648.062378,6896,6.965727806,7.155339241,10537.43945
1668.604004,6883,7.10544157,7.444746017,10510.47949
1690.038574,6823,7.145359516,7.225195885,10491.17969
1684.900513,6858,7.065523148,7.334970951,10465.01953
1634.804077,6886,7.23517561,7.135380268,10500.83008
1643.255615,6874,7.30503273,7.195257187,10469.08008
1741.278198,6870,7.085482121,7.045564175,10508.84961
1714.873291,6922,7.215216637,7.464705467,10687.5
1773.647217,6977,7.324991703,6.865931988,10812.89941
1764.257935,6904,7.175298214,7.30503273,10600.04004
200.9030762,2,0,0,2.599999905
960.861084,3580,3.422986507,3.353129625,5200.97998
843.2655029,3374,3.243354559,3.213415861,5155.529785
946.1210938,3435,2.973906755,2.943968058,5299.209961
148.1316071,4,0,0,3.25
1714.616943,6884,7.23517561,7.095461845,10467.58008
1287.780029,5196,5.239264965,5.019714832,7846.959961
1272.686157,5168,5.438856125,5.229285717,7814.349609
1291.075317,5176,5.478774548,5.378978729,7901.349609
1289.306152,5177,5.319101334,5.538651466,7915.22998
1322.73938,5163,5.44883585,5.368999481,7878.009766
1306.88501,5161,5.349040031,5.498733521,7876.919922
1308.024048,5173,5.408917427,5.159428596,7830.099609
914.2966309,3430,3.622577667,3.552720785,5284.52002
1310.306885,5152,5.359019756,5.349040031,7811.959961
1290.318481,5146,5.408917427,5.059633255,7785.129883
1317.708008,5153,5.319101334,5.189367294,7862.349609
1358.934937,5128,5.438856125,5.119510651,7785.549805
1375.436035,5141,5.339060783,5.24924469,7820.859863
1370.543091,5124,5.319101334,5.408917427,7837.349609
1367.119751,5142,5.378978729,5.199347019,7783.649902
1316.026611,5168,5.319101334,5.388958454,7862.589844
1344.135498,5133,5.349040031,5.259224415,7833.409668
1365.947144,5136,5.368999481,5.189367294,7777.049805
1303.161743,5128,5.299142361,5.339060783,7685.029785
1289.245728,5098,5.269203663,5.219305992,7850.659668
996.2210083,3421,7.0555439,0,5196.219727
1062.712769,3423,3.083681822,2.704458714,5219.52002
1319.255005,5131,5.788140297,4.919919491,7779.689941
1326.291626,5147,5.758202076,5.079592228,7866.649902
964.2653198,3532,3.802209616,3.323190928,6152
1379.5,5143,5.748222351,4.860042095,7802.949707
1336.826416,5132,5.688344955,4.889980793,7778.629883
1299.824463,5138,5.768181324,4.899960518,7752.709961
1350.252197,5094,5.638447285,4.820123672,7776.149902
1346.842041,5035,5.62846756,4.710348606,7740.97998
1333.752563,5026,5.598528862,4.810144424,7692.72998
1339.294678,5026,5.638447285,4.760246754,7762.129883
1323.731323,4993,5.538651466,4.740287304,7827.209961
1312.095825,5059,5.558610916,4.8001647,7758.189941
1322.479004,5066,5.638447285,4.62053299,7749.679688
1309.067627,4999,5.578569889,4.820123672,7869.169922
1327.19751,4982,5.528672218,4.750267029,7722.169922
1323.431152,4945,5.558610916,4.680410385,7763.189941
219.9331818,2,0,0,2525.919922
1367.265259,5055,5.578569889,4.730308056,7686.909668
1329.716797,4985,5.618488312,4.750267029,7728.239746
108.8151169,2,0,0,3.899999857
99.0173645,2,0,0,3.899999857
109.3947296,2,0,0,4.099999905
93.01682281,2,0,0,5.199999809
92.20032501,3,0,0,5.199999809
110.1147003,4,0,0,4.529999733
101.2320557,2,0,0,5.150000095
115.1941986,3,0,0,4.779999733
291.8764038,3,0,0,2508.419922
218.5316162,2,0,0,2492.51001
94.54457092,2,0,0,4.139999866
116.3640671,14,0,0,5.179999828
98.59629822,2,0,0,4.259999752
95.64048767,2,0,0,3.899999857
95.97373199,2,0,0,3.899999857
123.7291183,2,0,0,4.179999828
197.2842865,2,0,0,2490.169922
99.39496613,2,0,0,3.599999905
945.0988159,3239,3.672475338,3.213415861,5257.469727
558.5264893,1540,1.686544418,1.466994286,2527.889893
109.1213303,2,0,0,3.179999828
93.88813019,2,0,0,4.880000114
101.1427612,2,0,0,4.949999809
112.9718246,2,0,0,3.409999847
131.5670319,2,0,0,4.159999847
108.7520523,2,0,0,4.019999981
109.5458755,2,0,0,3.970000029
121.7078171,2,0,0,3.579999924
1323.430786,4941,5.498733521,4.67043066,7659.57959
1320.442627,4989,5.528672218,4.760246754,7646.689941
1310.019043,4999,5.538651466,4.770226002,7642.599609
1395.369751,4973,5.568590164,4.740287304,7568.009766
1301.319458,4984,5.528672218,4.750267029,7630.369629
1330.374756,4931,5.498733521,4.720328331,7509.259766
1283.746582,4929,5.478774548,4.700369358,7545.429688
1307.904297,4974,5.528672218,4.700369358,7548.52002
1300.642456,4991,5.548631191,4.750267029,7577.679688
1329.325195,4965,5.578569889,4.770226002,7646.419922
1304.068115,4986,5.538651466,4.720328331,7587.009766
104.5932159,2,0,0,3.809999943
1208.84082,4643,5.139469624,4.400982857,7202.060059
917.6061401,3407,3.762291431,3.203436375,5149.839844
919.4762573,3396,3.722373009,3.143558979,5109.620117
959.9859619,3373,3.722373009,3.213415861,5129.429688
890.7266235,3216,3.592638969,3.073702097,5021.089844
901.6497803,3346,3.672475338,3.153538704,5067
965.1673584,3345,3.662495852,3.173497677,5083.589844
626.3959351,1704,1.995910525,1.656605721,2729.919922
104.7194977,2,0,0,3.899999857
908.1911011,3318,3.732352734,3.203436375,5105.429688
1302.830078,4906,5.388958454,4.67043066,7577.709961
1296.69751,4872,5.488753796,4.710348606,7473.199707
1284.169312,4869,5.478774548,4.640491962,7465.359863
1287.623535,4912,5.518692493,4.730308056,7523.82959
1665.799194,6491,7.225195885,6.177342892,10050.18945
1696.987183,6505,7.295053005,6.087527275,10002.16992
526.008606,1616,1.656605721,1.427075982,2601.389893
1695.147583,6500,7.045564175,6.486709118,9847.729492
1672.209595,6464,6.935789108,6.327036381,9962.419922
1656.638916,6388,6.925809383,6.426831722,9940.939453
1644.903198,6419,6.845973015,6.416852474,9935.75
1698.474854,6439,6.885891438,6.327036381,9931.709961
1683.85083,6443,6.995666504,6.406872749,9984.740234
1656.407715,6466,6.945768833,6.396893024,10009.06934
1682.276611,6519,6.975707054,6.416852474,9965.049805
1668.871094,6480,7.065523148,6.47672987,10024.24023
928.6296387,3271,3.562700272,3.313211441,5118.109863
114.4434128,2,0,0,2.75999999
1705.4375,6672,7.075502872,6.47672987,10132.49023
1674.456543,6455,7.0555439,6.446791172,9839.779297
1703.711914,6496,7.005645752,6.466750145,9934.910156
1677.991821,6527,7.025605202,6.406872749,9982.969727
1671.802246,6591,7.045564175,6.426831722,10030.68945
1686.375244,6595,7.045564175,6.496688843,10084.62012
1739.730347,6642,7.125400543,6.506668091,10072.62012
1689.41272,6614,7.0555439,6.616443157,10071.72949
1736.487549,6523,6.975707054,6.396893024,9969.779297
1691.895386,6450,7.015625477,6.337016106,9880.379883
906.0568848,3224,0.369243443,6.267158985,4989.120117
1684.394287,6428,6.816034317,6.586504936,9820.589844
1693.896362,6492,6.90585041,6.446791172,9898.580078
1720.298096,6481,6.925809383,6.666341305,9941.089844
1335.303833,4946,5.24924469,4.929899216,7545.219727
1362.350586,5039,5.159428596,4.860042095,7619.47998
1748.689697,6639,7.085482121,6.636402607,10086.00977
1666.685547,6694,7.10544157,6.636402607,10096.18945
1713.339722,6598,7.135380268,6.496688843,10089.83008
1719.564453,6507,7.015625477,6.526627541,10011.34961
1709.474121,6536,6.985686779,6.47672987,9977.240234
1694.553955,6512,6.90585041,6.486709118,10036.31934
1695.937988,6501,6.875911713,6.486709118,10086.83984
1697.803101,6507,6.885891438,6.466750145,10091.05957
1727.345093,6514,6.935789108,6.516647816,10081.88965
1674.915771,6467,6.90585041,6.506668091,10127.33984
1663.883057,6471,6.935789108,6.466750145,10063.63965
1758.466553,6543,6.945768833,6.636402607,10175.30957
1723.359375,6541,6.975707054,6.496688843,10185.75
1729.761719,6539,6.945768833,6.506668091,10058.47949
1706.898804,6508,6.895870686,6.466750145,10219.79004
1677.479004,6584,6.915830135,6.386913776,10165.83984
1718.401367,6491,6.915830135,6.446791172,10205.71973
1424.428223,5115,4.67043066,4.410962105,7742.540039
1295.713745,5068,5.209326267,5.089571953,7766.619629
1757.495117,6690,7.085482121,6.506668091,10373.66992
1730.916138,6619,7.085482121,6.706259251,10366.72949
1702.886108,6670,7.065523148,6.596484184,10440.09961
1741.995361,6664,7.075502872,6.756156921,10379.22949
1678.964478,6721,7.115420818,6.686300278,10348.60938
1387.641479,5166,5.269203663,4.959837437,7820.409668
1297.784058,5032,4.949858189,4.740287304,7801.529785
1705.478394,6613,7.075502872,6.626422882,10353.54004
1309.065796,5007,5.289163113,5.019714832,7788.449707
1671.38916,6628,7.005645752,6.766136646,10386.74023
1749.33252,6558,7.075502872,6.466750145,10197.39941
1660.209229,6644,7.155339241,6.616443157,10430.25
1685.507935,6643,7.065523148,6.606463909,10442.68945
1728.862915,6667,7.005645752,6.526627541,10158.56934
1679.430176,6667,7.045564175,6.586504936,10344.17969
1767.595947,6754,7.135380268,6.766136646,10419.83984
1751.439209,6796,7.115420818,6.746177673,10430.31934
1740.753174,6705,7.23517561,6.865931988,10386.2998
1333.879272,4909,5.159428596,4.909939766,7524.5
944.5180664,3355,3.49284339,3.26331377,5166.839844
897.7003174,3435,3.622577667,3.422986507,5175.799805
987.262085,3497,3.64253664,3.472884417,5338.589844
957.5460815,3422,3.652516365,3.422986507,5158.580078
1673.124268,6873,7.354930401,6.85595274,10534.54004
1737.030396,6785,7.245155334,6.756156921,10424.14941
1722.695313,6848,7.205236912,6.875911713,10379.79004
1713.887817,6848,7.324991703,6.766136646,10435.16016
1752.081787,6861,7.28507328,6.85595274,10365.72949
863.6061401,3443,3.39304781,3.143558979,5161.620117
1752.269409,6875,7.205236912,7.0555439,10461.83984
1778.320557,6823,7.245155334,6.786095619,10422.67969
1714.377075,6861,7.295053005,6.786095619,10421.33008
1719.060059,6839,7.215216637,6.606463909,10430.83984
1771.324463,6811,7.30503273,6.85595274,10421.47949
1718.820313,6886,7.265114307,6.576525211,10451.70996
1762.53479,6802,7.23517561,6.826014042,10508.83008
1769.648071,6832,7.245155334,6.835993767,10423.37988
1749.230835,6802,7.30503273,6.706259251,10408.4502
1718.568848,6848,7.255134583,6.826014042,10397.34961
1743.203247,6755,7.195257187,6.756156921,10449.63965
1763.10144,6697,7.215216637,6.716238976,10414.70996
1792.884521,6772,7.245155334,6.945768833,10490.33984
1780.864014,6712,7.155339241,6.65636158,10425.16016
1732.087891,6691,7.175298214,6.746177673,10439.26953
1754.504761,6788,7.175298214,6.806055069,10513.9502
1814.046875,6792,7.165318966,6.746177673,10531.51953
1660.963501,6704,7.045564175,6.696280003,10453.75
1755.186523,6691,7.095461845,6.746177673,10372.04004
1687.820435,6671,7.165318966,6.566545486,10386.4502
1792.077148,6704,7.065523148,6.586504936,10446.10938
121.2005463,2,0,0,3.899999857
1778.444092,6618,7.10544157,6.676320553,10406.51953
1757.038452,6737,7.115420818,6.776116371,10454.62012
1767.646729,6712,7.10544157,6.576525211,10473.72949
1688.020996,6626,7.10544157,6.626422882,10480.84961
1744.159424,6710,7.10544157,6.716238976,10441.34961
917.7234497,3397,3.582659483,3.383068323,5236.279785
909.9527588,3323,2.963927031,2.724417925,5217.629883
970.4945068,3514,3.313211441,3.133579493,5271.129883
948.4321899,3564,3.54274106,3.343150139,5252.459961
1732.484619,6865,7.005645752,6.965727806,10533.79004
1708.645508,6823,7.025605202,6.965727806,10549.33008
1708.409424,6761,6.925809383,7.025605202,10453.25
1742.020264,6782,6.90585041,7.065523148,10469.42969
988.6466675,3519,3.452925205,3.552720785,5244.5
1753.838379,6806,6.975707054,7.23517561,10491.74023
1766.180298,6786,7.015625477,7.03558445,10486.2793
1655.09729,6838,6.965727806,7.025605202,10478.7002
1784.09375,6828,6.925809383,7.165318966,10546.16016
1794.160645,6825,7.005645752,7.045564175,10541.00977
1701.212769,6783,6.935789108,7.005645752,10579.5498
1767.261963,6754,6.865931988,6.985686779,10565.83984
1709.348145,6731,6.865931988,6.915830135,10530.85938
1711.804688,6678,6.826014042,6.915830135,10428.08008
1731.054077,6701,6.935789108,6.915830135,10485.9502
1725.553833,6638,6.85595274,7.075502872,10440.76953
1770.859863,6705,6.776116371,6.845973015,10493
1721.954712,6621,6.845973015,6.796075344,10457.95996
1719.898438,6658,6.756156921,6.826014042,10418.58984
1749.034058,6663,6.766136646,6.865931988,10516.62012
972.9865112,3440,3.313211441,3.383068323,5200.779785
971.425415,3431,3.482863903,3.502822876,5206.989746
1764.947021,6836,7.005645752,7.045564175,10446.31934
1738.119995,6806,7.015625477,7.10544157,10475.06934
1759.560303,6760,7.005645752,7.085482121,10521.38965
1680.746094,6681,6.935789108,6.90585041,10451.5
1683.345581,6664,6.895870686,6.995666504,10392.5
1741.582031,6656,6.935789108,6.85595274,10261.33984
1683.236084,6586,6.766136646,6.995666504,10442.92969
1743.12915,6703,6.796075344,6.90585041,10496
1690.720215,6665,6.776116371,6.965727806,10328.17969
1731.490967,6625,6.756156921,6.766136646,10468.22949
1732.029785,6616,6.746177673,6.945768833,10438.83984
1740.84668,6589,6.706259251,6.796075344,10576.88965
1750.387573,6577,6.696280003,6.90585041,10403.85938
1774.236938,6576,6.766136646,6.816034317,10567.7793
186.5288696,2,0,0,4.21999979
161.7481689,2,0,0,3.549999952
147.8406372,2,0,0,3.329999924
162.2131653,3,0,0,2.419999838
1335.848022,4994,5.109530926,5.139469624,7812.75
1309.428223,4970,5.109530926,5.129489899,7821.72998
1342.971436,4978,5.129489899,5.189367294,7876.459961
1267.365967,4991,5.129489899,5.179387569,7761.22998
1246.538452,4948,5.109530926,5.039674282,7691.899902
921.3286133,3318,0,6.726218224,5185
944.3905029,3307,0,6.726218224,5179.649902
862.3101807,3307,3.413007021,3.403027534,5274.120117
834.1912842,3275,3.442945719,3.363109112,5145.02002
864.833252,3260,3.422986507,3.403027534,5242
921.8839111,3230,3.422986507,3.373088837,5243.299805
789.2907104,1715,1.716482997,1.666585326,3277.179932
864.0077515,3343,3.49284339,3.432965994,5221.080078
1697.325073,6823,7.125400543,7.115420818,10443.62012
1770.467041,6943,7.115420818,7.125400543,10578.47949
1724.557129,6886,7.165318966,7.195257187,10585.16016
1780.749756,6791,7.0555439,6.935789108,10380.80957
1773.865356,6852,7.075502872,7.354930401,10521.66016
1736.068115,6726,7.03558445,6.885891438,10525.50977
1788.829712,6686,7.0555439,6.736197948,10487.14941
913.0314331,3329,3.462904692,3.383068323,5155.989746
1001.612915,3315,3.403027534,3.363109112,5205.580078
876.3467407,3270,3.353129625,3.293252468,5153.399902
894.0975952,3253,3.343150139,3.293252468,5162.219727
889.3180542,3296,3.363109112,3.303231955,5192.22998
1008.957336,3272,3.39304781,3.303231955,5182.819824
934.8048706,3307,3.26331377,3.083681822,5158.330078
916.4123535,3270,3.373088837,3.353129625,5180.859863
182.9166565,4,0,0,365.6199951
915.1862183,3272,3.373088837,3.303231955,5173.529785
937.6412964,3254,3.333170652,3.303231955,5202.799805
1049.158081,3430,3.522782087,3.413007021,5289.080078
847.1176758,3395,3.522782087,3.482863903,5225.850098
882.1604004,3357,3.482863903,3.39304781,5191.25
851.243103,3386,3.49284339,3.442945719,5288.529785
899.5056152,3411,3.49284339,3.442945719,5110.529785
1619.086914,6733,6.935789108,6.706259251,10451.89941
1250.951416,5111,5.368999481,5.209326267,7777.029785
1632.272339,6814,7.075502872,6.985686779,10426.33984
1668.852905,6888,7.0555439,6.875911713,10473.24023
1614.634766,6776,7.045564175,7.085482121,10491.5498
1696.554321,6667,6.975707054,6.875911713,10406.9502
1681.724121,6715,6.965727806,6.835993767,10331.2998
1669.265259,6783,7.015625477,6.945768833,10445.06934
1248.333252,5050,5.279183388,5.309122086,7905.239746
1239.568481,5074,5.239264965,5.149449348,7877.509766
1193.719482,5075,5.299142361,5.179387569,7861.529785
1177.408325,5069,5.209326267,5.169408321,7821.779785
1241.085815,5086,5.209326267,5.199347019,7879.869629
1276.727417,5033,5.229285717,5.229285717,7816.399902
1210.886108,5065,5.239264965,5.069612503,7859.009766
1539.39209,6745,6.945768833,6.865931988,10509.91016
1545.233643,6749,6.965727806,6.865931988,10559.55957
1542.595581,6721,6.995666504,6.816034317,10481.0498
1545.978882,6729,6.945768833,6.915830135,10430.5293
1566.445068,6759,7.025605202,6.676320553,10393.43945
835.2193604,3357,3.512802601,3.432965994,5282.290039
824.5651855,3373,3.54274106,3.472884417,5268.509766
564.71521,1713,1.796319485,1.746421695,2721.899902
1573.982422,6800,7.165318966,7.125400543,10402.76953
1548.9104,6861,7.155339241,6.895870686,10447.66992
1568.324219,6820,7.165318966,7.095461845,10411.66992
786.2355347,3452,3.582659483,3.562700272,5282.279785
1728.811523,6838,7.135380268,7.005645752,10378.16016
1757.803345,6817,6.995666504,7.0555439,10472.88965
1700.401611,6847,7.045564175,6.995666504,10398.79004
1705.205322,6842,7.085482121,6.995666504,10368.66016
1745.820557,6794,7.075502872,7.215216637,10422.56934
1689.264038,6801,7.085482121,6.975707054,10467.13965
1733.969482,6797,6.965727806,6.915830135,10423.84961
1715.937256,6781,7.015625477,7.075502872,10396.72949
1573.607056,6722,7.025605202,6.875911713,10410.91016
1583.568604,6721,6.915830135,6.756156921,10429.85938
1560.154785,6683,6.935789108,6.786095619,10381.7002
1579.485107,6664,6.965727806,6.796075344,10397.93945
1631.815674,6692,6.955748081,6.885891438,10462.4502
905.487915,3345,3.462904692,3.413007021,5225.969727
1657.101318,6691,6.90585041,6.875911713,10462.87988
1632.671875,6624,6.90585041,6.915830135,10328.88965
1604.176514,6646,6.885891438,6.826014042,10296.21973
1608.239624,6613,6.915830135,6.885891438,10363.08008
1565.54895,6640,6.945768833,6.756156921,10295.18945
1625.332031,6625,6.885891438,6.816034317,10399.24023
1643.605713,6576,6.85595274,6.726218224,10299.46973
1698.965088,6550,6.865931988,6.716238976,10376.56934
895.362915,3443,3.283272743,3.183477163,5108.279785
989.5460815,3534,3.562700272,3.502822876,5148.049805
1611.771729,6792,7.075502872,6.935789108,10329.33008
1696.3396,6726,7.0555439,6.816034317,10466.95996
1709.782959,6610,6.955748081,6.786095619,10357.18945
1398.057495,5043,5.039674282,4.929899216,7789.599609
1688.350952,6649,6.955748081,6.925809383,10443.5293
1619.634766,6606,6.885891438,6.816034317,10437.22949
1662.794189,6603,6.955748081,6.776116371,10380.41016
1697.301758,6607,6.865931988,6.706259251,10344.14941
223.1039886,14,0,0,299.4299927
1705.05896,6585,6.90585041,6.865931988,10507.47949
1695.25354,6597,6.845973015,6.666341305,10354.42969
1617.208496,6541,6.736197948,6.746177673,10347.79004
1693.88916,6584,6.845973015,6.546586514,10441.76953
1738.22937,6534,6.746177673,6.666341305,10476.38965
1667.859009,6543,6.736197948,6.65636158,10520.58008
1598.322998,6496,6.796075344,6.676320553,10369.00977
1631.826782,6495,6.746177673,6.756156921,10342.17969
1694.714111,6507,6.706259251,6.696280003,10387.08008
926.5524292,3473,3.323190928,3.243354559,5296.97998
928.6817627,3557,3.023804426,2.953947544,5186.639648
1646.972412,6843,7.0555439,6.756156921,10412.75977
1676.234619,6836,7.065523148,6.835993767,10433.06934
1684.612061,6897,7.225195885,6.935789108,10461.43945
1719.91626,6833,7.175298214,6.975707054,10435.5498
1745.093506,6837,6.985686779,7.015625477,10505.51953
1709.761719,6816,6.975707054,7.045564175,10421.24023
1714.039063,6710,6.975707054,7.095461845,10327.35938
1686.358521,6735,6.935789108,6.835993767,10371.0293
1680.5271,6603,6.925809383,6.746177673,10341.91016
1655.106445,6621,6.885891438,6.816034317,10219.30957
1679.563843,6506,6.726218224,6.556566238,10154.29004
1724.343872,6482,6.706259251,6.556566238,10146.12012
1683.04248,6468,6.556566238,6.536606789,10229.91016
1717.019287,6415,6.65636158,6.646381855,10248.58984
904.2875366,3216,3.003845215,3.06372261,5025.02002
107.5219421,2,0,0,3.899999857
112.7268906,2,0,0,3.899999857
159.8939209,2,0,0,3.269999981
110.0159836,2,0,0,3.779999971
118.724205,2,0,0,4.989999771
105.0095444,4,0,0,5.009999752
95.87680817,2,0,0,3.829999924
104.176033,2,0,0,4.230000019
104.8270035,2,0,0,3.899999857
216.996994,2,0,0,3.99000001
249.4894562,2,0,0,3.730000019
236.7722626,102,0,0,375.5799866
315.3422546,2,0,0,2578.129883
98.76325989,2,0,0,3.899999857
114.6335602,2,0,0,3.529999971
201.5456238,2,0,0,2543.050049
106.2442627,5,0,0,10.13000011
105.9442825,2,0,0,3.899999857
107.3630524,2,0,0,4.230000019
108.3444824,18,0,0,4.849999905
105.2158356,2,0,0,3.720000029
119.7075577,2,0,0,4.789999962
395.4881592,1559,1.387157798,1.466994286,2589.780029
399.2921753,1619,1.536851048,1.626667023,2629.379883
107.3580322,2,0,0,4.71999979
95.22589874,2,0,0,5.199999809
97.74255371,2,0,0,5.029999733
94.0970459,2,0,0,4.190000057
358.8686829,1575,1.606707931,1.50691247,2623.659912
500.6783447,1721,1.157628059,1.077791691,2649.089844
102.1467667,2,0,0,4.699999809
104.3765564,2,0,0,4.440000057
114.8419342,2,0,0,5.199999809
96.68520355,2,0,0,4.230000019
113.981102,2,0,0,5.170000076
241.3654938,2,0,0,2436.169922
107.9796448,2,0,0,3.919999838
104.2878113,2,0,0,4.96999979
124.0609894,2,0,0,4.829999924
96.67230988,2,0,0,4.420000076
104.0062256,2,0,0,4.130000114
114.850708,2,0,0,5.089999676
108.5990753,2,0,0,5.199999809
110.0233994,2,0,0,3.859999895
109.8333664,2,0,0,4.730000019
109.6943893,2,0,0,4.739999771
106.9265976,2,0,0,4.690000057
104.8160858,2,0,0,4.21999979
120.6175537,2,0,0,4.460000038
117.9257584,2,0,0,4.360000134
119.1600571,2,0,0,3.980000019
423.5645447,1577,1.656605721,1.636646628,2666.619873
104.0014877,2,0,0,5.199999809
99.03473663,2,0,0,3.839999914
90.58638763,2,0,0,5.199999809
114.4197311,2,0,0,4.569999695
116.8531342,2,0,0,4.059999943
102.036438,2,0,0,3.929999828
101.6065521,2,0,0,4.610000134
118.1817169,2,0,0,4.549999714
101.1373138,2,0,0,4.230000019
101.6409607,2,0,0,3.609999895
104.9036789,2,0,0,4.420000076
97.64920044,2,0,0,4
1302.670166,5167,5.398938179,5.518692493,7913
1174.215698,4903,5.179387569,5.109530926,7418.029785
1267,5086,5.329081059,5.269203663,7806.569824
1311.720581,5124,5.378978729,5.279183388,7744.879883
1264.444336,5109,5.368999481,5.209326267,7739.159668
1182.560425,5142,5.359019756,5.289163113,7689.189941
1267.190796,5094,5.329081059,5.239264965,7800.009766
1258.062012,5101,5.309122086,5.179387569,7711.279785
1274.267334,5065,5.299142361,5.179387569,7722.989746
1575.205322,6861,7.534562111,6.756156921,10470.38965
101.1088104,2,0,0,4.079999924
105.9902878,2,0,0,2000
117.8320694,2,0,0,3.809999943
1234.030151,5122,5.538651466,4.919919491,7740.82959
1286.486084,5040,5.468794823,4.979796886,7770.5
1332.579834,5069,5.498733521,4.919919491,7945.810059
1304.150146,5026,5.438856125,4.939878464,8035.779785
908.6036377,3382,3.632557154,3.233375072,5218.879883
887.2977905,3373,3.652516365,3.26331377,5142.509766
1270.57251,5033,5.548631191,4.929899216,7765.629883
1304.658691,5016,5.578569889,4.939878464,7747.799805
1294.607422,5038,5.209326267,5.139469624,7772.5
1271.074219,5005,5.199347019,5.069612503,7742.259766
130.9587708,3,0,0,5.069999695
101.1416473,2,0,0,4.630000114
98.3377533,2,0,0,4.460000038
96.53899384,2,0,0,5.199999809
147.2882385,2,0,0,5.179999828
105.9722824,2,0,0,3.859999895
119.9182816,2,0,0,4.789999962
115.5990372,2,0,0,4.849999905
105.6838989,2,0,0,5.179999828
103.7166748,2,0,0,5.359999657
115.4939804,2,0,0,4.130000114
118.2226563,2,0,0,4.409999847
115.4119873,2,0,0,4.339999676
122.5041504,2,0,0,4.460000038
118.6770096,2,0,0,5.359999657
111.8076859,2,0,0,5.039999962
101.8297882,2,0,0,4.579999924
111.4951553,2,0,0,4.559999943
114.2784348,2,0,0,5.199999809
108.1840057,2,0,0,4.869999886
111.3369141,2,0,0,4.339999676
161.7001495,2,0,0,4.699999809
98.92204285,2,0,0,5.150000095
117.5386734,2,0,0,5.199999809
118.3409653,2,0,0,5.460000038
124.3035278,2,0,0,5.190000057
110.3358307,2,0,0,4.509999752
122.4040298,2,0,0,3.859999895
113.3570557,2,0,0,5.199999809
100.5250168,2,0,0,3.179999828
108.3841553,2,0,0,4.559999943
122.1072922,2,0,0,4.239999771
120.423172,2,0,0,3.909999847
121.5435486,2,0,0,3.899999857
108.4850693,2,0,0,4.269999981
104.9996033,2,0,0,5.190000057
118.464859,2,0,0,4.150000095
Null,Null,0,0,Null
504.7651367,1555,1.646626234,1.636646628,2603.51001
99.66594696,2,0,0,2.609999895
106.2741547,2,0,0,3.799999952
111.9866867,2,0,0,3.539999962
108.3933868,2,0,0,3.519999981
121.868042,2,0,0,3.9599998
96.48445129,2,0,0,4.389999866
104.9566116,2,0,0,4.880000114
113.6492767,2,0,0,3.939999819
95.98705292,2,0,0,4.699999809
106.0694351,2,0,0,4.039999962
98.49945831,2,0,0,3.7099998
110.1023178,2,0,0,4.449999809
106.9424744,2,0,0,3.269999981
95.17111206,2,0,0,3.919999838
91.32067108,2,0,0,3.529999971
97.69168091,2,0,0,4.25
98.08420563,2,0,0,3.7099998
103.638443,2,0,0,3.579999924
111.9362793,2,0,0,3.839999914
116.1464767,2,0,0,3.119999886
106.1072235,2,0,0,3.859999895
106.053772,2,0,0,3.889999866
105.4893723,2,0,0,4.059999943
105.0574188,2,0,0,3.689999819
91.6268692,2,0,0,5.199999809
114.345047,2,0,0,4.230000019
93.06012726,2,0,0,4.349999905
111.8481369,2,0,0,3.919999838
108.2048492,2,0,0,3.7099998
98.08955383,2,0,0,4.759999752
96.14461517,2,0,0,4.940000057
99.69547272,2,0,0,3.899999857
95.58596039,2,0,0,3.929999828
108.1645432,2,0,0,5.329999924
76.13651276,2,0,0,4.150000095
95.60636902,2,0,0,3.529999971
96.19762421,2,0,0,3.899999857
100.376709,2,0,0,4.069999695
95.45698547,2,0,0,3.899999857
94.59048462,2,0,0,4.549999714
89.64952087,2,0,0,3.230000019
90.58828735,2,0,0,3.619999886
110.5685196,2,0,0,3.899999857
102.9893494,2,0,0,5
104.7966843,2,0,0,3.879999876
103.1572571,2,0,0,3.529999971
98.76231384,2,0,0,1.849999905
106.241745,2,0,0,3.329999924
87.82889557,2,0,0,4.25
97.1135788,2,0,0,5.859999657
98.32094574,2,0,0,3.879999876
89.09010315,2,0,0,11.25999928
94.27899933,2,0,0,2.519999981
94.80201721,2,0,0,3.799999952
90.28761292,2,0,0,4.009999752
92.75421143,2,0,0,3.579999924
87.62991333,2,0,0,4.230000019
101.2576141,2,0,0,3.980000019
104.8776932,2,0,0,3.879999876
104.6647339,2,0,0,3.5
91.8608551,2,0,0,3.169999838
102.1242294,2,0,0,4.150000095
105.7637482,2,0,0,3.939999819
93.72859955,2,0,0,4.449999809
96.58081055,2,0,0,3.899999857
109.2662277,2,0,0,3.889999866
101.2280731,2,0,0,3.809999943
98.95400238,2,0,0,4.230000019
97.21884918,2,0,0,3.549999952
125.2645645,2,0,0,3.929999828
95.22931671,2,0,0,3.849999905
98.9352417,2,0,0,4.150000095
120.6172791,2,0,0,3.899999857
105.202713,2,0,0,3.919999838
113.213623,2,0,0,3.899999857
111.1110611,2,0,0,4.269999981
108.5282745,2,0,0,3.899999857
118.5557861,2,0,0,2.599999905
113.7879257,2,0,0,3.899999857
110.0118408,2,0,0,3.899999857
107.9617157,2,0,0,3.24000001
100.9816513,2,0,0,3.899999857
108.1461029,2,0,0,3.899999857
111.4631424,2,0,0,3.899999857
110.0303955,2,0,0,3.24000001
218.2682037,2,0,0,2462.48999
243.1858215,2,0,0,2530.109863
122.8949509,2,0,0,3.25
122.9444504,2,0,0,3.7099998
133.5725098,2,0,0,3.899999857
117.1271057,2,0,0,3.769999981
1214.581909,5101,5.349040031,5.279183388,7752.560059
1617.885254,6776,7.015625477,7.025605202,10484.96973
1541.987427,6793,7.075502872,6.895870686,10390.71973
1186.661621,5116,5.239264965,5.189367294,7692.419922
1189.066895,5116,5.229285717,5.159428596,7649.119629
1569.565063,6782,6.975707054,6.806055069,10336.96973
1597.089478,6773,6.915830135,7.015625477,10364.99023
1594.854858,6661,6.975707054,6.875911713,10248.46973
1209.394531,5091,5.638447285,4.770226002,7778.179688
1547.19397,6749,7.464705467,6.067567825,10366.49023
1152.709473,5061,5.588549614,4.720328331,7682.449707
846.7770386,3354,3.702414036,3.213415861,5210.52002
568.3844604,1661,1.806298971,1.45701468,2621.209961
1542.218506,6724,7.48466444,6.416852474,10296.71973
1522.293213,6733,7.384869099,6.346995354,10389.04004
200.4152374,2,0,0,3.159999847
136.2883453,2,0,0,3.899999857
134.6647644,2,0,0,3.899999857
131.4038391,2,0,0,3.899999857
1156.466553,5048,5.638447285,4.8001647,7755.290039
1566.733521,6747,7.444746017,6.416852474,10308.62012
1535.952881,6753,7.514603138,6.586504936,10278.06934
1695.17334,Null,7.245155334,6.646381855,Null
1577.167969,6736,6.995666504,6.915830135,10331.62988
1569.96936,6696,7.005645752,6.835993767,10280.55957
1539.827271,6673,6.915830135,6.776116371,10277.68945
849.635437,3396,7.03558445,0,5171.199707
1539.616699,6714,7.085482121,6.576525211,10310.92969
1503.349609,6648,7.10544157,6.606463909,10306.42969
1532.662109,6666,7.135380268,6.556566238,10364.79004
1531.854492,6662,7.065523148,6.626422882,10363.2793
1586.518066,6697,7.135380268,6.556566238,10323.84961
1524.209106,6696,7.10544157,6.756156921,10308.63965
1547.4198,6608,7.005645752,6.676320553,10313.70996
1550.653931,6638,7.025605202,6.65636158,10342.01953
818.5198975,3343,0,6.826014042,5194.989746
780.7962646,3371,0,6.845973015,5188.100098
765.6506958,3364,0,6.845973015,5173.040039
1561.573486,6593,6.965727806,6.65636158,10235.37012
1557.601318,6595,6.90585041,6.686300278,10284.66992
1564.041748,6607,6.885891438,6.865931988,10317.38965
1567.775024,6589,6.826014042,6.686300278,10280.43945
1552.177734,6623,6.816034317,6.676320553,10248.9502
1565.113647,6579,6.85595274,6.696280003,10249.46973
1521.164917,6593,6.806055069,6.806055069,10265.59961
1500.118896,6556,6.826014042,6.776116371,10196.34961
1549.842407,6538,6.865931988,6.636402607,10190.71973
569.3952637,1820,1.317300916,1.297341824,2670.589844
1489.55481,6584,6.796075344,6.865931988,10219.70996
1556.115234,6530,6.766136646,6.85595274,10228.46973
1539.755005,6582,6.885891438,6.576525211,10226.80957
1487.325806,6594,6.865931988,6.766136646,10292.81934
1480.09668,6569,6.786095619,6.576525211,10252.62988
1535.092285,6547,6.806055069,6.626422882,10203.35938
1528.05542,6536,6.835993767,6.736197948,10192.01953
1513.207031,6522,6.806055069,6.776116371,10137.58984
1491.803711,6538,6.816034317,6.556566238,10152.29004
1488.502808,6564,6.766136646,6.596484184,10261.55957
1163.679443,4889,5.089571953,5.019714832,7664.819824
1100.171143,4960,5.159428596,5.059633255,7684.929688
1125.273804,4935,5.119510651,5.079592228,7631.129883
1137.137329,4910,5.149449348,5.069612503,7625.899902
1120.841553,4931,5.129489899,5.079592228,7633.790039
935.605896,3279,3.313211441,3.383068323,5139.689941
838.428833,3282,2.834192991,2.834192991,5147.009766
924.3044434,3622,3.462904692,3.572679758,5368.929688
841.6281738,3628,3.552720785,3.452925205,5280.629883
1594.041504,6875,7.085482121,6.875911713,10540.67969
1586.425293,6787,7.075502872,7.095461845,10472.67969
1536.251709,6765,7.03558445,6.985686779,10493.62012
1556.20166,6781,7.065523148,6.835993767,10480.35938
1549.330322,6764,7.0555439,6.915830135,10504.62012
1523.703125,6726,7.025605202,6.975707054,10463.7793
1088.570801,4891,5.059633255,4.979796886,7614.189941
1119.653931,4906,5.079592228,4.959837437,7653.759766
1097.099731,4922,5.099551201,4.979796886,7629.22998
1117.433594,4936,5.069612503,5.009735584,7652.290039
1118.716309,4919,5.079592228,5.119510651,7597
1096.59021,4922,5.059633255,4.969817162,7631.790039
1088.854004,4926,5.059633255,4.979796886,7615.899902
1529.501709,6639,6.845973015,6.766136646,10380.16992
1509.764526,6629,6.885891438,6.865931988,10316.05957
1495.835938,6617,6.985686779,6.756156921,10312.93945
1663.596191,6561,6.806055069,6.626422882,10166.58984
1511.991455,6567,6.816034317,6.65636158,10199.38965
1538.618286,6577,6.865931988,6.845973015,10202.55957
1481.746216,6586,6.835993767,6.726218224,10206.2998
1469.749146,6533,6.845973015,6.816034317,10193.39941
1469.749146,6533,6.845973015,6.816034317,10193.39941
1481.832275,6509,6.756156921,6.786095619,10107.37012
1450.693726,6556,6.835993767,6.706259251,10224.93945
1515.912231,6513,6.746177673,6.756156921,10133.41992
805.166748,3259,2.824213266,2.754356623,5062.659668
1539.207031,6735,6.875911713,6.955748081,10322.39941
1625.960938,6842,7.085482121,6.925809383,10324.2998
1631.417969,6865,7.075502872,7.065523148,10405.4502
1539.800659,6840,7.125400543,6.985686779,10374.41016
1535.140747,6849,7.065523148,6.985686779,10402.2002
1518.094727,6852,7.03558445,6.935789108,10419.68945
1600.42688,6884,7.125400543,7.005645752,10424.25
1554.984253,6822,7.195257187,7.025605202,10414.41992
1613.436646,6751,7.125400543,7.205236912,10254.43945
1540.115845,6819,7.015625477,6.915830135,10364.14941
1649.227173,6827,7.045564175,6.995666504,10515.12988
1518.082275,6776,7.075502872,6.955748081,10365.75977
1561.161377,6709,6.975707054,6.776116371,10412.39941
1511.472778,6582,6.875911713,6.666341305,10265.0498
1543.655273,6728,7.03558445,6.686300278,10468.74023
1592.342529,6727,6.965727806,6.726218224,10479.43945
1614.234131,6659,6.915830135,6.826014042,10373.06934
1529.342041,6664,6.895870686,6.686300278,10386.49023
1523.337036,6677,6.935789108,6.756156921,10344.83008
1512.498047,6621,6.925809383,6.736197948,10302.18945
1575.137695,6653,6.885891438,6.935789108,10397.12012
1508.268066,6643,6.90585041,6.845973015,10296.87988
1525.407715,6596,6.85595274,6.776116371,10315.38965
1514.634644,6676,6.806055069,6.796075344,10282.55957
1511.401489,6590,6.945768833,6.826014042,10280.58984
1535.522949,6631,6.915830135,6.90585041,10314.51953
1561.647705,6604,6.875911713,6.925809383,10297.99023
1569.64502,6571,6.835993767,6.776116371,10218.22949
1630.459473,6506,6.686300278,6.736197948,10263.72949
1587.838623,6559,6.826014042,6.546586514,10518.97949
1545.42981,6546,6.746177673,6.646381855,10317.89941
1549.610596,6565,6.736197948,6.666341305,10314.91016
1606.537109,6536,6.776116371,6.506668091,10586.5293
1488.530029,6505,6.806055069,6.616443157,10453.83008
1462.572998,6548,6.806055069,6.65636158,10385.93945
1506.151978,6596,6.786095619,6.796075344,10524.35938
1487.116943,6504,6.786095619,6.816034317,10322.89941
1446.866699,6527,6.796075344,6.766136646,10355.10938
1458.979248,6536,6.806055069,6.676320553,10367.41016
1471.098633,6579,6.796075344,6.606463909,10329.72949
1485.830444,6489,6.736197948,6.636402607,10394.31934
1508.220947,6464,7.205236912,6.057588577,10398.54004
1511.513062,6568,6.686300278,6.915830135,10294.12988
790.4799805,3424,3.532761574,3.612597942,5224.889648
1466.264282,6858,6.895870686,7.135380268,10470.89941
1492.36084,6819,6.945768833,7.175298214,10395.22949
1570.043701,6859,7.03558445,7.205236912,10421.66016
1551.125,6878,7.005645752,7.275094032,10473.35938
1538.448242,6878,6.895870686,6.985686779,10447.62988
1626.582764,6797,6.985686779,7.295053005,10341.29004
1563.94043,6843,6.925809383,7.255134583,10402.06934
1599.847656,6891,6.975707054,7.215216637,10476.71973
1612.873047,6832,6.925809383,7.295053005,10375.38965
1649.970825,6869,7.215216637,7.10544157,10364.0498
1635.653442,6826,7.175298214,6.945768833,10309.55957
1559.499512,6835,7.125400543,7.125400543,10369.97949
1538.942383,6776,7.095461845,6.885891438,10435.21973
316.144104,45,0,0,2538.119873
141.689621,14,0,0,11.39999962
1588.021729,6778,6.835993767,7.0555439,10506.34961
1733.291748,6780,6.885891438,6.835993767,10490.47949
1597.571777,6693,6.835993767,6.975707054,10454.01953
1644.286499,6675,6.776116371,6.875911713,10392.63965
1565.680908,6601,6.746177673,6.806055069,10231.06934
1638.660156,6576,6.736197948,6.686300278,10259.79004
1620.848633,6572,6.776116371,6.895870686,10370.08984
1638.184326,6519,6.636402607,6.696280003,10361.14941
1659.520386,6526,6.766136646,6.716238976,10431.87988
1581.25354,6541,6.706259251,6.736197948,10429.84961
1584.654785,6520,6.666341305,6.776116371,10364.16992
1257.570557,4855,4.949858189,4.999755859,7750.560059
1715.363525,6514,6.586504936,6.875911713,10437.38965
1666.60791,6485,6.576525211,6.65636158,10488.58008
1672.778198,6465,6.65636158,6.65636158,10424.88965
851.5633545,3239,2.684499741,2.704458714,5213.47998
975.255249,3501,3.602618456,3.612597942,5390.509766
985.2338257,3495,3.602618456,3.632557154,5392.299805
1741.43396,6916,6.985686779,7.045564175,10618.5293
1730.020752,6945,6.975707054,7.334970951,10598.9502
1744.779907,6856,7.125400543,7.344950676,10485.04004
1788.778442,6970,7.165318966,7.225195885,10718.63965
1654.879395,6920,7.015625477,7.195257187,10585.00977
1748.485352,7030,7.175298214,7.454725742,10842.25
1648.327271,6944,7.165318966,7.205236912,10666.92969
1780.932373,6944,7.125400543,7.414807796,10632.22949
1597.737183,6841,7.125400543,7.354930401,10417.17969
1666.043457,6803,7.025605202,6.895870686,10380.42969
1720.846924,6878,7.03558445,7.03558445,10471.22949
1607.463379,6880,7.065523148,7.125400543,10428.7998
1216.432495,5123,5.299142361,5.339060783,7855.859863
1578.130615,6887,7.005645752,7.085482121,10545.38965
1633.707764,6910,7.005645752,7.165318966,10472.66992
1641.69458,6847,7.085482121,7.155339241,10365.85938
1737.955933,6838,6.985686779,7.025605202,10412.22949
1703.181641,6848,7.065523148,7.0555439,10415.5
1654.979248,6847,7.015625477,7.145359516,10363.87988
1620.856812,6788,6.965727806,6.885891438,10354.72949
1633.992554,6822,6.995666504,6.935789108,10378.33984
1657.213867,6778,6.985686779,7.255134583,10427.33984
1697.692627,6831,7.005645752,7.065523148,10370.85938
1632.059692,6822,6.975707054,7.195257187,10339.38965
1611.891846,6797,7.015625477,6.995666504,10308.80957
1683.436279,6750,6.925809383,7.075502872,10302.20996
1238.761108,5155,5.378978729,5.219305992,7806.399902
1665.203613,6709,7.03558445,6.935789108,10374.22949
1727.579956,6785,6.995666504,6.955748081,10396.04004
1649.376831,6775,7.075502872,6.995666504,10388.58008
1627.387939,6710,7.015625477,6.895870686,10283.08984
1663.561646,6684,6.975707054,6.965727806,10357.76953
1312.284546,5063,5.289163113,5.209326267,7776.569824
1598.868042,6772,7.065523148,6.885891438,10440.43945
1623.330811,6692,6.945768833,6.796075344,10423.0293
1616.604248,6736,6.995666504,6.945768833,10437.93945
1680.403442,6750,6.995666504,6.826014042,10358.09961
1623.61084,6687,6.965727806,6.85595274,10349.75
1632.981079,6694,6.965727806,6.875911713,10389.5293
1640.704346,6634,6.875911713,6.915830135,10371.66016
1653.204346,6686,7.015625477,6.90585041,10392.80957
1677.375488,6627,6.945768833,6.806055069,10287.35938
105.8737335,2,0,0,3.569999933
1185.554443,5166,5.339060783,5.289163113,7957.779785
1159.737549,5088,5.289163113,5.24924469,7815.060059
1134.613403,5093,5.24924469,5.199347019,7812.399902
1125.557129,5153,5.24924469,5.279183388,7838.649902
1081.919434,5104,5.229285717,5.179387569,7831.879883
1084.724365,5045,5.219305992,5.279183388,7634.069824
1142.911133,4995,5.219305992,5.189367294,7726.399902
1087.994507,4999,5.179387569,5.129489899,7702.359863
1104.578613,4957,5.159428596,5.139469624,7633.429688
1097.39917,5033,5.239264965,5.199347019,7736.279785
1101.972412,4969,5.129489899,5.099551201,7660.5
1085.05603,4928,5.079592228,5.04965353,7650.810059
1083.784058,4936,5.119510651,5.029694557,7660.109863
1112.623901,4918,5.139469624,5.089571953,7637.560059
1109.948853,4934,5.119510651,5.039674282,7673.069824
1100.139404,4930,5.039674282,4.989776134,7613.189941
1101.177246,4952,5.079592228,5.009735584,7651.969727
1058.922607,4914,5.099551201,4.969817162,7575.810059
1049.401367,4902,5.04965353,5.059633255,7594.359863
1130.864868,4953,5.129489899,5.069612503,7700.349609
1064.516113,4965,5.119510651,5.039674282,7671.549805
1074.333374,4887,5.089571953,5.069612503,7584.489746
1484.880493,6563,6.676320553,6.716238976,10181.76953
1444.890381,6566,6.716238976,6.746177673,10163.75977
740.6190186,3246,3.373088837,3.353129625,5090.839844
1432.989136,6508,6.746177673,6.666341305,10140.05957
1421.871216,6517,6.716238976,6.496688843,10108.50977
1431.734253,6489,6.706259251,6.586504936,10098.12012
713.612854,3239,3.363109112,3.313211441,5041.75
768.1832275,3489,3.612597942,3.592638969,5392.620117